filename;cell;current;shadow;power;abs_power;mean;std;rel_power;std_power;std_power_norm;pv_kind;class_std
P1C3.75S0.tiff;1;1,27;0;1,4322;1,86655;1,444916667;0,207138222;0,767297956;-0,061392178;0,485685972;Poli;2
P1C4.5S0.tiff;1;1,53;0;1,7329;2,209;1,688693023;0,239507812;0,784472612;0,184574258;0,528834069;Poli;2
P1C4.5S0.tiff;1;1,53;0;1,7782;2,209;1,688693023;0,239507812;0,804979629;0,373712139;0,570940632;Poli;2
P1C5.25S0.tiff;1;1,78;0;1,9821;2,55835;1,998705556;0,288360319;0,774757168;-0,057586133;0,474923442;Poli;2
P1C6S0.tiff;1;2,03;0;2,175;2,89635;2,266655556;0,317523409;0,750945155;-0,288657633;0,423481464;Poli;2
P1C6.75S0.tiff;1;2,28;0;2,4292;3,22765;2,531455556;0,362157405;0,752621877;-0,282351138;0,424885439;Poli;2
P1C7.5S0.tiff;1;2,53;0;2,5777;3,55975;2,790758333;0,39865961;0,724123885;-0,534436717;0,368765231;Poli;2
P1C3.75S1.tiff;1;1,27;1;1,08;1,86655;1,444916667;0,207138222;0,578607592;-1,761706085;0,097885928;Poli;2
P1C4.5S1.tiff;1;1,53;1;1,2721;2,209;1,688693023;0,239507812;0,575871435;-1,739371336;0,100518304;Poli;2
P1C4.5S1.tiff;1;1,53;1;1,3322;2,209;1,688693023;0,239507812;0,603078316;-1,488440064;0,156381537;Poli;2
P1C5.25S1.tiff;1;1,78;1;1,4904;2,55835;1,998705556;0,288360319;0,58256298;-1,762744461;0,095314894;Poli;2
P1C6S1.tiff;1;2,03;1;1,6983;2,89635;2,266655556;0,317523409;0,586358693;-1,789964267;0,089255122;Poli;2
P1C6.75S1.tiff;1;2,28;1;1,9073;3,22765;2,531455556;0,362157405;0,590925286;-1,723437232;0,104065612;Poli;2
P1C7.5S1.tiff;1;2,53;1;2,0931;3,55975;2,790758333;0,39865961;0,58799073;-1,750010073;0,09814987;Poli;2
P1C3.75S2.tiff;1;1,27;2;1,2746;1,86655;1,444916667;0,207138222;0,682864108;-0,822236788;0,312155913;Poli;2
P1C4.5S2.tiff;1;1,53;2;1,4947;2,209;1,688693023;0,239507812;0,676641014;-0,809965326;0,30742605;Poli;2
P1C4.5S2.tiff;1;1,53;2;1,5049;2,209;1,688693023;0,239507812;0,681258488;-0,767377989;0,316906998;Poli;2
P1C5.25S2.tiff;1;1,78;2;1,7272;2,55835;1,998705556;0,288360319;0,675122638;-0,941549643;0,278132271;Poli;2
P1C6S2.tiff;1;2,03;2;1,96;2,89635;2,266655556;0,317523409;0,676713795;-0,965773065;0,272739565;Poli;2
P1C6.75S2.tiff;1;2,28;2;2,1742;3,22765;2,531455556;0,362157405;0,673617028;-0,986464865;0,268133081;Poli;2
P1C7.5S2.tiff;1;2,53;2;2,3672;3,55975;2,790758333;0,39865961;0,664990519;-1,062456097;0,251215636;Poli;2
P1C3.75S3.tiff;1;1,27;3;0,9911;1,86655;1,444916667;0,207138222;0,530979615;-2,190888102;0;Poli;2
P1C4.5S3.tiff;1;1,53;3;1,1822;2,209;1,688693023;0,239507812;0,535174287;-2,114724437;0,016955832;Poli;2
P1C4.5S3.tiff;1;1,53;3;1,3694;2,209;1,688693023;0,239507812;0,619918515;-1,333121539;0,190959111;Poli;2
P1C5.25S3.tiff;1;1,78;3;1,4001;2,55835;1,998705556;0,288360319;0,547266793;-2,075894344;0,025600329;Poli;2
P1C6S3.tiff;1;2,03;3;1,589;2,89635;2,266655556;0,317523409;0,548621541;-2,134190856;0,012622147;Poli;2
P1C6.75S3.tiff;1;2,28;3;1,7499;3,22765;2,531455556;0,362157405;0,542159156;-2,158054881;0,007309451;Poli;2
P1C7.5S3.tiff;1;2,53;3;1,9215;3,55975;2,790758333;0,39865961;0,539785097;-2,180452474;0,002323217;Poli;2
P1C3.75S4.tiff;1;1,27;4;1,2656;1,86655;1,444916667;0,207138222;0,678042378;-0,865686036;0,302246201;Poli;2
P1C4.5S4.tiff;1;1,53;4;1,4759;2,209;1,688693023;0,239507812;0,668130376;-0,888459634;0,289951362;Poli;2
P1C4.5S4.tiff;1;1,53;4;1,5774;2,209;1,688693023;0,239507812;0,714078769;-0,464673875;0,384296088;Poli;2
P1C5.25S4.tiff;1;1,78;4;1,7221;2,55835;1,998705556;0,288360319;0,673129165;-0,959235849;0,274194903;Poli;2
P1C6S4.tiff;1;2,03;4;1,944;2,89635;2,266655556;0,317523409;0,671189601;-1,01616305;0,261521563;Poli;2
P1C6.75S4.tiff;1;2,28;4;2,1442;3,22765;2,531455556;0,362157405;0,66432234;-1,069301774;0,249691627;Poli;2
P1C7.5S4.tiff;1;2,53;4;2,3412;3,55975;2,790758333;0,39865961;0,657686635;-1,127674642;0,236696447;Poli;2
P1C3.75S5.tiff;1;1,27;5;1,2113;1,86655;1,444916667;0,207138222;0,648951274;-1,127829833;0,242457608;Poli;2
P1C4.5S5.tiff;1;1,53;5;1,4369;2,209;1,688693023;0,239507812;0,650475328;-1,051293571;0,253700678;Poli;2
P1C4.5S5.tiff;1;1,53;5;1,5953;2,209;1,688693023;0,239507812;0,722181983;-0,389937273;0,400934223;Poli;2
P1C5.25S5.tiff;1;1,78;5;1,6544;2,55835;1,998705556;0,288360319;0,646666797;-1,194011563;0,22192828;Poli;2
P1C6S5.tiff;1;2,03;5;1,9187;2,89635;2,266655556;0,317523409;0,662454469;-1,095842215;0,243783097;Poli;2
P1C6.75S5.tiff;1;2,28;5;2,1067;3,22765;2,531455556;0,362157405;0,65270398;-1,17284791;0,22663981;Poli;2
P1C7.5S5.tiff;1;2,53;5;2,3424;3,55975;2,790758333;0,39865961;0,658023738;-1,124664556;0,237366563;Poli;2
P1C3.75S6.tiff;1;1,27;6;1,1707;1,86655;1,444916667;0,207138222;0,627199914;-1,323834219;0,197753799;Poli;2
P1C4.5S6.tiff;1;1,53;6;1,4118;2,209;1,688693023;0,239507812;0,639112721;-1,156091823;0,230370111;Poli;2
P1C4.5S6.tiff;1;1,53;6;1,6619;2,209;1,688693023;0,239507812;0,752331372;-0,111867012;0,462839235;Poli;2
P1C5.25S6.tiff;1;1,78;6;1,6233;2,55835;1,998705556;0,288360319;0,634510524;-1,301862741;0,197918059;Poli;2
P1C6S6.tiff;1;2,03;6;1,8367;2,89635;2,266655556;0,317523409;0,634142973;-1,354090891;0,186290838;Poli;2
P1C6.75S6.tiff;1;2,28;6;2,0386;3,22765;2,531455556;0,362157405;0,631605038;-1,360887694;0,184777709;Poli;2
P1C7.5S6.tiff;1;2,53;6;2,2533;3,55975;2,790758333;0,39865961;0,63299389;-1,348163495;0,187610417;Poli;2
P1C3.75S7.tiff;1;1,27;7;1,0548;1,86655;1,444916667;0,207138222;0,565106748;-1,883363979;0,070138736;Poli;2
P1C4.5S7.tiff;1;1,53;7;1,2571;2,209;1,688693023;0,239507812;0,569081032;-1,801999773;0,086575734;Poli;2
P1C5.25S7.tiff;1;1,78;7;1,4063;2,55835;1,998705556;0,288360319;0,54969023;-2,054393466;0,030386932;Poli;2
P1C6S7.tiff;1;2,03;7;1,6693;2,89635;2,266655556;0,317523409;0,576346091;-1,881296116;0,068922494;Poli;2
P1C6.75S7.tiff;1;2,28;7;1,8099;3,22765;2,531455556;0,362157405;0,560748532;-1,992381063;0,044192359;Poli;2
P1C7.5S7.tiff;1;2,53;7;2,0435;3,55975;2,790758333;0,39865961;0,574057167;-1,87442699;0,070451723;Poli;2
P12C3.75S0.tiff;12;1,27;0;1,8025;1,86655;1,444916667;0,207138222;0,965685355;1,726302994;0,893415547;Poli;0
P12C4.5S0.tiff;12;1,53;0;2,1582;2,209;1,688693023;0,239507812;0,977003169;1,960299217;0,924152417;Poli;0
P12C5.25S0.tiff;12;1,78;0;2,4953;2,55835;1,998705556;0,288360319;0,975355209;1,722131692;0,871130696;Poli;0
P12C6S0.tiff;12;2,03;0;2,8375;2,89635;2,266655556;0,317523409;0,979681323;1,797802709;0,887976853;Poli;0
P12C6.75S0.tiff;12;2,28;0;3,1333;3,22765;2,531455556;0,362157405;0,970768206;1,661831116;0,857706363;Poli;0
P12C7.5S0.tiff;12;2,53;0;3,4365;3,55975;2,790758333;0,39865961;0,965376782;1,619782015;0,848345239;Poli;0
P12C3.75S1.tiff;12;1,27;1;1,4392;1,86655;1,444916667;0,207138222;0,771048191;-0,027598319;0,493393526;Poli;2
P12C4.5S1.tiff;12;1,53;1;1,6927;2,209;1,688693023;0,239507812;0,766274332;0,016730046;0,49146798;Poli;2
P12C5.25S1.tiff;12;1,78;1;1,9867;2,55835;1,998705556;0,288360319;0,776555202;-0,041633868;0,478474793;Poli;2
P12C6S1.tiff;12;2,03;1;2,2407;2,89635;2,266655556;0,317523409;0,773628878;-0,081743754;0,469545384;Poli;2
P12C6.75S1.tiff;12;2,28;1;2,51;3,22765;2,531455556;0,362157405;0,77765557;-0,05924373;0,474554422;Poli;2
P12C7.5S1.tiff;12;2,53;1;2,7782;3,55975;2,790758333;0,39865961;0,780448065;-0,031501394;0,480730522;Poli;2
P12C3.75S2.tiff;12;1,27;2;1,4693;1,86655;1,444916667;0,207138222;0,787174198;0,117715278;0,526536005;Poli;2
P12C4.5S2.tiff;12;1,53;2;1,7551;2,209;1,688693023;0,239507812;0,794522408;0,277264345;0,549469073;Poli;2
P12C5.25S2.tiff;12;1,78;2;2,0304;2,55835;1,998705556;0,288360319;0,793636524;0,109912642;0,512212628;Poli;2
P12C6S2.tiff;12;2,03;2;2,2955;2,89635;2,266655556;0,317523409;0,792549243;0,090841946;0,507967041;Poli;2
P12C6.75S2.tiff;12;2,28;2;2,5661;3,22765;2,531455556;0,362157405;0,795036637;0,09566129;0,509039941;Poli;2
P12C7.5S2.tiff;12;2,53;2;2,7976;3,55975;2,790758333;0,39865961;0,785897886;0,017161675;0,491564071;Poli;2
P12C3.75S3.tiff;12;1,27;3;1,2975;1,86655;1,444916667;0,207138222;0,695132732;-0,711682591;0,337370623;Poli;2
P12C4.5S3.tiff;12;1,53;3;1,5187;2,209;1,688693023;0,239507812;0,687505659;-0,709759827;0,329734163;Poli;2
P12C5.25S3.tiff;12;1,78;3;1,7713;2,55835;1,998705556;0,288360319;0,69236031;-0,788615979;0,312178919;Poli;2
P12C6S3.tiff;12;2,03;3;2,0226;2,89635;2,266655556;0,317523409;0,698327205;-0,768622246;0,316629997;Poli;2
P12C6.75S3.tiff;12;2,28;3;2,2688;3,22765;2,531455556;0,362157405;0,702926278;-0,725252479;0,326285132;Poli;2
P12C7.5S3.tiff;12;2,53;3;2,5109;3,55975;2,790758333;0,39865961;0,705358522;-0,701998211;0,331462082;Poli;2
P12C3.75S4.tiff;12;1,27;4;1,5918;1,86655;1,444916667;0,207138222;0,8528033;0,70910782;0,66141819;Poli;1
P12C4.5S4.tiff;12;1,53;4;1,8902;2,209;1,688693023;0,239507812;0,855681304;0,841337804;0,675045158;Poli;1
P12C5.25S4.tiff;12;1,78;4;2,212;2,55835;1,998705556;0,288360319;0,864619774;0,73968029;0,652413792;Poli;1
P12C6S4.tiff;12;2,03;4;2,4866;2,89635;2,266655556;0,317523409;0,858528838;0,692687337;0,64195205;Poli;1
P12C6.75S4.tiff;12;2,28;4;2,7519;3,22765;2,531455556;0,362157405;0,852601738;0,608697879;0,623254012;Poli;1
P12C7.5S4.tiff;12;2,53;4;3,0332;3,55975;2,790758333;0,39865961;0,852082309;0,608142035;0,623130268;Poli;1
P12C3.75S5.tiff;12;1,27;5;1,4014;1,86655;1,444916667;0,207138222;0,750796925;-0,21008516;0,451772737;Poli;2
P12C4.5S5.tiff;12;1,53;5;1,6617;2,209;1,688693023;0,239507812;0,752240833;-0,112702058;0,462653334;Poli;2
P12C5.25S5.tiff;12;1,78;5;1,9405;2,55835;1,998705556;0,288360319;0,758496687;-0,201850087;0,442806876;Poli;2
P12C6S5.tiff;12;2,03;5;2,224;2,89635;2,266655556;0,317523409;0,767863;-0,134338302;0,457836595;Poli;2
P12C6.75S5.tiff;12;2,28;5;2,4599;3,22765;2,531455556;0,362157405;0,762133441;-0,197581368;0,443757194;Poli;2
P12C7.5S5.tiff;12;2,53;5;2,7382;3,55975;2,790758333;0,39865961;0,769211321;-0,131837618;0,458393306;Poli;2
P12C3.75S6.tiff;12;1,27;6;1,304;1,86655;1,444916667;0,207138222;0,698615092;-0,680302578;0,344527637;Poli;2
P12C4.5S6.tiff;12;1,53;6;1,5254;2,209;1,688693023;0,239507812;0,690538705;-0,681785791;0,335961844;Poli;2
P12C5.25S6.tiff;12;1,78;6;1,8052;2,55835;1,998705556;0,288360319;0,705611038;-0,671054728;0,338350833;Poli;2
P12C6S6.tiff;12;2,03;6;2,0634;2,89635;2,266655556;0,317523409;0,7124139;-0,640127783;0,345235902;Poli;2
P12C6.75S6.tiff;12;2,28;6;2,288;3,22765;2,531455556;0,362157405;0,708874878;-0,672236857;0,338087663;Poli;2
P12C7.5S6.tiff;12;2,53;6;2,5071;3,55975;2,790758333;0,39865961;0,704291032;-0,711530153;0,329340046;Poli;2
P17C3.75S0.tiff;17;1,27;0;1,8993;1,86655;1,444916667;0,207138222;1,017545739;2,193623795;1;Poli;0
P17C4.5S0.tiff;17;1,53;0;2,2398;2,209;1,688693023;0,239507812;1,013942961;2,300997916;1;Poli;0
P17C5.25S0.tiff;17;1,78;0;2,6137;2,55835;1,998705556;0,288360319;1,021635038;2,132729101;0,962539385;Poli;0
P17C6S0.tiff;17;2,03;0;2,9403;2,89635;2,266655556;0,317523409;1,015174271;2,121558367;0,960052515;Poli;0
P17C6.75S0.tiff;17;2,28;0;3,2928;3,22765;2,531455556;0,362157405;1,020184964;2,102247349;0,955753426;Poli;0
P17C7.5S0.tiff;17;2,53;0;3,5994;3,55975;2,790758333;0,39865961;1,011138423;2,028401288;0,939313547;Poli;0
P17C3.75S1.tiff;17;1,27;1;1,4984;1,86655;1,444916667;0,207138222;0,802764458;0,25820118;0,558577406;Poli;2
P17C4.5S1.tiff;17;1,53;1;1,7893;2,209;1,688693023;0,239507812;0,810004527;0,420057182;0,581258134;Poli;2
P17C5.25S1.tiff;17;1,78;1;2,1108;2,55835;1,998705556;0,288360319;0,825063029;0,388730477;0,574284069;Poli;2
P17C6S1.tiff;17;2,03;1;2,3644;2,89635;2,266655556;0,317523409;0,816337804;0,307833822;0,556274561;Poli;2
P17C6.75S1.tiff;17;2,28;1;2,6604;3,22765;2,531455556;0,362157405;0,824252939;0,356045307;0,567007577;Poli;2
P17C7.5S1.tiff;17;2,53;1;2,9526;3,55975;2,790758333;0,39865961;0,82944027;0,405964544;0,578120779;Poli;2
P17C3.75S2.tiff;17;1,27;2;1,3921;1,86655;1,444916667;0,207138222;0,745814471;-0,254982717;0,441532702;Poli;2
P17C4.5S2.tiff;17;1,53;2;1,6748;2,209;1,688693023;0,239507812;0,758171118;-0,058006556;0,474829846;Poli;2
P17C5.25S2.tiff;17;1,78;2;1,9864;2,55835;1,998705556;0,288360319;0,776437939;-0,042674233;0,478243183;Poli;2
P17C6S2.tiff;17;2,03;2;2,2612;2,89635;2,266655556;0,317523409;0,780706752;-0,017181585;0,483918449;Poli;2
P17C6.75S2.tiff;17;2,28;2;2,5466;3,22765;2,531455556;0,362157405;0,788995089;0,041817299;0,497052995;Poli;2
P17C7.5S2.tiff;17;2,53;2;2,781;3,55975;2,790758333;0,39865961;0,781234637;-0,024477858;0,482294127;Poli;2
P17C3.75S3.tiff;17;1,27;3;1,4107;1,86655;1,444916667;0,207138222;0,755779379;-0,165187604;0,462012773;Poli;2
P17C4.5S3.tiff;17;1,53;3;1,713;2,209;1,688693023;0,239507812;0,775464011;0,101487198;0,510336925;Poli;2
P17C5.25S3.tiff;17;1,78;3;1,9589;2,55835;1,998705556;0,288360319;0,765688823;-0,13804103;0,45701228;Poli;2
P17C6S3.tiff;17;2,03;3;2,2309;2,89635;2,266655556;0,317523409;0,770245309;-0,112607621;0,462674358;Poli;2
P17C6.75S3.tiff;17;2,28;3;2,5052;3,22765;2,531455556;0,362157405;0,77616842;-0,072497636;0,471603789;Poli;2
P17C7.5S3.tiff;17;2,53;3;2,7891;3,55975;2,790758333;0,39865961;0,783510078;-0,004159773;0,486817413;Poli;2
P17C3.75S4.tiff;17;1,27;4;1,6827;1,86655;1,444916667;0,207138222;0,901502772;1,147945226;0,761506276;Poli;0
P17C4.5S4.tiff;17;1,53;4;1,964;2,209;1,688693023;0,239507812;0,889090086;1,149469716;0,743642604;Poli;1
P17C5.25S4.tiff;17;1,78;4;2,3088;2,55835;1,998705556;0,288360319;0,902456662;1,075371415;0,727146571;Poli;1
P17C6S4.tiff;17;2,03;4;2,6137;2,89635;2,266655556;0,317523409;0,902411656;1,092972785;0,731065052;Poli;1
P17C6.75S4.tiff;17;2,28;4;2,9045;3,22765;2,531455556;0,362157405;0,899880718;1,030061623;0,717059541;Poli;1
P17C7.5S4.tiff;17;2,53;4;3,1774;3,55975;2,790758333;0,39865961;0,892590772;0,969854123;0,703655928;Poli;1
P17C3.75S5.tiff;17;1,27;5;1,5175;1,86655;1,444916667;0,207138222;0,812997241;0,350410139;0,579608016;Poli;2
P17C4.5S5.tiff;17;1,53;5;1,8427;2,209;1,688693023;0,239507812;0,834178361;0,643014419;0,630893685;Poli;1
P17C5.25S5.tiff;17;1,78;5;2,1317;2,55835;1,998705556;0,288360319;0,833232357;0,461209243;0,590419555;Poli;2
P17C6S5.tiff;17;2,03;5;2,4322;2,89635;2,266655556;0,317523409;0,839746578;0,521361386;0,603810844;Poli;1
P17C6.75S5.tiff;17;2,28;5;2,7065;3,22765;2,531455556;0,362157405;0,838535777;0,483338024;0,595345945;Poli;2
P17C7.5S5.tiff;17;2,53;5;3,0116;3,55975;2,790758333;0,39865961;0,846014467;0,553960474;0,611068172;Poli;1
P17C3.75S6.tiff;17;1,27;6;1,4656;1,86655;1,444916667;0,207138222;0,785191932;0,099852809;0,522462013;Poli;2
P17C4.5S6.tiff;17;1,53;6;1,7458;2,209;1,688693023;0,239507812;0,790312359;0,238434714;0,540824679;Poli;2
P17C5.25S6.tiff;17;1,78;6;2,0153;2,55835;1,998705556;0,288360319;0,787734282;0,0575476;0,500554932;Poli;2
P17C6S6.tiff;17;2,03;6;2,316;2,89635;2,266655556;0,317523409;0,799627117;0,155404115;0,522340106;Poli;2
P17C6.75S6.tiff;17;2,28;6;2,5761;3,22765;2,531455556;0,362157405;0,798134866;0,123273593;0,515187092;Poli;2
P17C7.5S6.tiff;17;2,53;6;2,8309;3,55975;2,790758333;0,39865961;0,795252476;0,100691582;0,510159802;Poli;2
P18C3.75S0.tiff;18;1,27;0;1,7836;1,86655;1,444916667;0,207138222;0,955559722;1,635059573;0,872605153;Poli;0
P18C4.5S0.tiff;18;1,53;0;2,0657;2,209;1,688693023;0,239507812;0,935129018;1,574090521;0,838173232;Poli;0
P18C5.25S0.tiff;18;1,78;0;2,4907;2,55835;1,998705556;0,288360319;0,973557176;1,706179428;0,867579345;Poli;0
P18C6S0.tiff;18;2,03;0;2,8524;2,89635;2,266655556;0,317523409;0,984825729;1,844728383;0,898423617;Poli;0
P18C6.75S0.tiff;18;2,28;0;3,1625;3,22765;2,531455556;0,362157405;0,979815036;1,742459041;0,875656044;Poli;0
P18C7.5S0.tiff;18;2,53;0;3,5201;3,55975;2,790758333;0,39865961;0,988861577;1,829484723;0,895030018;Poli;0
P18C3.75S1.tiff;18;1,27;1;1,4558;1,86655;1,444916667;0,207138222;0,779941603;0,052541406;0,511671438;Poli;2
P18C4.5S1.tiff;18;1,53;1;1,7128;2,209;1,688693023;0,239507812;0,775373472;0,100652152;0,510151024;Poli;2
P18C5.25S1.tiff;18;1,78;1;2,0094;2,55835;1,998705556;0,288360319;0,785428108;0,037087088;0,495999939;Poli;2
P18C6S1.tiff;18;2,03;1;2,2489;2,89635;2,266655556;0,317523409;0,776460027;-0,055918887;0,47529461;Poli;2
P18C6.75S1.tiff;18;2,28;1;2,4947;3,22765;2,531455556;0,362157405;0,772915279;-0,101490554;0,46514928;Poli;2
P18C7.5S1.tiff;18;2,53;1;2,7578;3,55975;2,790758333;0,39865961;0,774717326;-0,082672868;0,469338542;Poli;2
P18C3.75S2.tiff;18;1,27;2;1,443;1,86655;1,444916667;0,207138222;0,773084032;-0,009253081;0,497577626;Poli;2
P18C4.5S2.tiff;18;1,53;2;1,7129;2,209;1,688693023;0,239507812;0,775418742;0,101069675;0,510243975;Poli;2
P18C5.25S2.tiff;18;1,78;2;1,9975;2,55835;1,998705556;0,288360319;0,780776672;-0,004180726;0,486812748;Poli;2
P18C6S2.tiff;18;2,03;2;2,262;2,89635;2,266655556;0,317523409;0,780982961;-0,014662086;0,484479349;Poli;2
P18C6.75S2.tiff;18;2,28;2;2,5251;3,22765;2,531455556;0,362157405;0,782333896;-0,017549153;0,48383662;Poli;2
P18C7.5S2.tiff;18;2,53;2;2,8798;3,55975;2,790758333;0,39865961;0,808989395;0,223352616;0,537467048;Poli;2
P18C3.75S3.tiff;18;1,27;3;1,3811;1,86655;1,444916667;0,207138222;0,739921245;-0,308087353;0,429420832;Poli;2
P18C4.5S3.tiff;18;1,53;3;1,6412;2,209;1,688693023;0,239507812;0,742960616;-0,198294255;0,443598488;Poli;2
P18C5.25S3.tiff;18;1,78;3;1,9501;2,55835;1,998705556;0,288360319;0,762249106;-0,168558405;0,450218391;Poli;2
P18C6S3.tiff;18;2,03;3;2,1967;2,89635;2,266655556;0,317523409;0,758437344;-0,220316215;0,438695879;Poli;2
P18C6.75S3.tiff;18;2,28;3;2,4352;3,22765;2,531455556;0,362157405;0,754480814;-0,265783757;0,42857373;Poli;2
P18C7.5S3.tiff;18;2,53;3;2,6654;3,55975;2,790758333;0,39865961;0,748760447;-0,314449546;0,417739575;Poli;2
P18C3.75S4.tiff;18;1,27;4;1,6043;1,86655;1,444916667;0,207138222;0,859500147;0,769453998;0,675181678;Poli;1
P18C4.5S4.tiff;18;1,53;4;1,9054;2,209;1,688693023;0,239507812;0,862562245;0,904801287;0,689173629;Poli;1
P18C5.25S4.tiff;18;1,78;4;2,1977;2,55835;1,998705556;0,288360319;0,859030234;0,690089555;0,641373723;Poli;1
P18C6S4.tiff;18;2,03;4;2,523;2,89635;2,266655556;0,317523409;0,87109638;0,807324554;0,667473004;Poli;1
P18C6.75S4.tiff;18;2,28;4;2,8464;3,22765;2,531455556;0,362157405;0,881880006;0,869634143;0,681344592;Poli;1
P18C7.5S4.tiff;18;2,53;4;3,1417;3,55975;2,790758333;0,39865961;0,882561978;0,880304043;0,683719964;Poli;1
P18C3.75S5.tiff;18;1,27;5;1,4851;1,86655;1,444916667;0,207138222;0,795639013;0,193992846;0,543933054;Poli;2
P18C4.5S5.tiff;18;1,53;5;1,7898;2,209;1,688693023;0,239507812;0,810230874;0,422144797;0,581722886;Poli;2
P18C5.25S5.tiff;18;1,78;5;2,0659;2,55835;1,998705556;0,288360319;0,807512655;0,233022507;0,539619794;Poli;2
P18C6S5.tiff;18;2,03;5;2,3877;2,89635;2,266655556;0,317523409;0,824382412;0,381214238;0,572610776;Poli;2
P18C6.75S5.tiff;18;2,28;5;2,6377;3,22765;2,531455556;0,362157405;0,817219959;0,293365379;0,553053544;Poli;2
P18C7.5S5.tiff;18;2,53;5;2,9248;3,55975;2,790758333;0,39865961;0,821630732;0,336230868;0,562596415;Poli;2
P18C3.75S6.tiff;18;1,27;6;1,4571;1,86655;1,444916667;0,207138222;0,780638076;0,058817408;0,513102841;Poli;2
P18C4.5S6.tiff;18;1,53;6;1,7273;2,209;1,688693023;0,239507812;0,781937528;0,161192975;0,523628843;Poli;2
P18C5.25S6.tiff;18;1,78;6;2,0265;2,55835;1,998705556;0,288360319;0,792112104;0,096387896;0,5092017;Poli;2
P18C6S6.tiff;18;2,03;6;2,2507;2,89635;2,266655556;0,317523409;0,777081499;-0,050250013;0,476556636;Poli;2
P18C6.75S6.tiff;18;2,28;6;2,6198;3,22765;2,531455556;0,362157405;0,811674128;0,243939357;0,542050143;Poli;2
P18C7.5S6.tiff;18;2,53;6;2,916;3,55975;2,790758333;0,39865961;0,819158649;0,314156898;0,557682227;Poli;2
P20C3.75S0.tiff;20;1,27;0;1,8338;1,86655;1,444916667;0,207138222;0,982454261;1,877409823;0,927879322;Poli;0
P20C4.5S0.tiff;20;1,53;0;2,1782;2,209;1,688693023;0,239507812;0,986057039;2,0438038;0,942742511;Poli;0
P20C5.25S0.tiff;20;1,78;0;2,503;2,55835;1,998705556;0,288360319;0,978364962;1,748834395;0,877075349;Poli;0
P20C6S0.tiff;20;2,03;0;2,7415;2,89635;2,266655556;0,317523409;0,946536158;1,495462795;0,820668842;Poli;0
P20C6.75S0.tiff;20;2,28;0;3,1433;3,22765;2,531455556;0,362157405;0,973866435;1,689443419;0,863853514;Poli;0
P20C7.5S0.tiff;20;2,53;0;3,4656;3,55975;2,790758333;0,39865961;0,973551513;1,692776618;0,864595563;Poli;0
P20C3.75S1.tiff;20;1,27;1;1,4524;1,86655;1,444916667;0,207138222;0,778120061;0,036127245;0,507927769;Poli;2
P20C4.5S1.tiff;20;1,53;1;1,719;2,209;1,688693023;0,239507812;0,778180172;0,126538573;0,515913954;Poli;2
P20C5.25S1.tiff;20;1,78;1;1,9877;2,55835;1,998705556;0,288360319;0,776946079;-0,038165985;0,479246826;Poli;2
P20C6S1.tiff;20;2,03;1;2,2943;2,89635;2,266655556;0,317523409;0,792134928;0,087062697;0,507125691;Poli;2
P20C6.75S1.tiff;20;2,28;1;2,5452;3,22765;2,531455556;0,362157405;0,788561337;0,037951576;0,496192394;Poli;2
P20C7.5S1.tiff;20;2,53;1;2,8573;3,55975;2,790758333;0,39865961;0,802668727;0,16691349;0,524902364;Poli;2
P20C3.75S2.tiff;20;1,27;2;1,4701;1,86655;1,444916667;0,207138222;0,787602797;0,121577433;0,527416869;Poli;2
P20C4.5S2.tiff;20;1,53;2;1,7832;2,209;1,688693023;0,239507812;0,807243096;0,394588285;0,575588155;Poli;2
P20C5.25S2.tiff;20;1,78;2;2,0647;2,55835;1,998705556;0,288360319;0,807043602;0,228861047;0,538693355;Poli;2
P20C6S2.tiff;20;2,03;2;2,3548;2,89635;2,266655556;0,317523409;0,813023288;0,27759983;0,54954376;Poli;2
P20C6.75S2.tiff;20;2,28;2;2,6252;3,22765;2,531455556;0,362157405;0,813347172;0,25885;0,545369605;Poli;2
P20C7.5S2.tiff;20;2,53;2;2,8694;3,55975;2,790758333;0,39865961;0,806067842;0,197265197;0,531659372;Poli;2
P20C3.75S3.tiff;20;1,27;3;1,4002;1,86655;1,444916667;0,207138222;0,750154027;-0,215878394;0,450451442;Poli;2
P20C4.5S3.tiff;20;1,53;3;1,6615;2,209;1,688693023;0,239507812;0,752150294;-0,113537103;0,462467433;Poli;2
P20C5.25S3.tiff;20;1,78;3;1,9262;2,55835;1,998705556;0,288360319;0,752907147;-0,251440822;0,431766806;Poli;2
P20C6S3.tiff;20;2,03;3;2,1902;2,89635;2,266655556;0,317523409;0,75619314;-0,240787147;0,434138566;Poli;2
P20C6.75S3.tiff;20;2,28;3;2,4994;3,22765;2,531455556;0,362157405;0,774371447;-0,088512771;0,468038441;Poli;2
P20C7.5S3.tiff;20;2,53;3;2,7462;3,55975;2,790758333;0,39865961;0,77145867;-0,111770373;0,462860749;Poli;2
P20C3.75S4.tiff;20;1,27;4;1,6646;1,86655;1,444916667;0,207138222;0,891805738;1,06056396;0,741576745;Poli;1
P20C4.5S4.tiff;20;1,53;4;1,9595;2,209;1,688693023;0,239507812;0,887052965;1,130681184;0,739459833;Poli;1
P20C5.25S4.tiff;20;1,78;4;2,2883;2,55835;1,998705556;0,288360319;0,894443684;1,004279803;0,711319898;Poli;1
P20C6S4.tiff;20;2,03;4;2,6036;2,89635;2,266655556;0,317523409;0,898924508;1,061164107;0,723983689;Poli;1
P20C6.75S4.tiff;20;2,28;4;2,884;3,22765;2,531455556;0,362157405;0,893529348;0,973456402;0,704457881;Poli;1
P20C7.5S4.tiff;20;2,53;4;3,1657;3,55975;2,790758333;0,39865961;0,889304024;0,940505778;0,697122293;Poli;1
P20C3.75S5.tiff;20;1,27;5;1,4896;1,86655;1,444916667;0,207138222;0,798049878;0,21571747;0,54888791;Poli;2
P20C4.5S5.tiff;20;1,53;5;1,7676;2,209;1,688693023;0,239507812;0,800181077;0,32945471;0,561087882;Poli;2
P20C5.25S5.tiff;20;1,78;5;2,0424;2,55835;1,998705556;0,288360319;0,798327047;0,151527244;0,521477022;Poli;2
P20C6S5.tiff;20;2,03;5;2,2689;2,89635;2,266655556;0,317523409;0,78336527;0,007068595;0,489317113;Poli;2
P20C6.75S5.tiff;20;2,28;5;2,6009;3,22765;2,531455556;0,362157405;0,805818475;0,191752104;0,530432027;Poli;2
P20C7.5S5.tiff;20;2,53;5;2,8604;3,55975;2,790758333;0,39865961;0,803539574;0,174689547;0,526633499;Poli;2
P20C3.75S6.tiff;20;1,27;6;1,444;1,86655;1,444916667;0,207138222;0,77361978;-0,004425386;0,498678705;Poli;2
P20C4.5S6.tiff;20;1,53;6;1,7354;2,209;1,688693023;0,239507812;0,785604346;0,195012331;0,531157831;Poli;2
P20C5.25S6.tiff;20;1,78;6;2,0304;2,55835;1,998705556;0,288360319;0,793636524;0,109912642;0,512212628;Poli;2
P20C6S6.tiff;20;2,03;6;2,3049;2,89635;2,266655556;0,317523409;0,795794707;0,120446063;0,514557617;Poli;2
P20C6.75S6.tiff;20;2,28;6;2,5829;3,22765;2,531455556;0,362157405;0,800241662;0,142049959;0,519367155;Poli;2
P20C7.5S6.tiff;20;2,53;6;2,8135;3,55975;2,790758333;0,39865961;0,790364492;0,057045324;0,500443114;Poli;2
P0C3.75S0.tiff;0;1,27;0;1,3018;1,41966;1,059007207;0,206403831;0,916980122;1,176299838;0,852854381;Poli;0
P0C4.5S0.tiff;0;1,53;0;1,5388;1,6753;1,241314286;0,260990332;0,918522056;1,139834231;0,847110908;Poli;0
P0C6S0.tiff;0;2,03;0;1,9506;2,19458;1,611381982;0,348686874;0,888826108;0,972844244;0,822112015;Poli;0
P0C6.75S0.tiff;0;2,28;0;2,2313;2,45378;1,784651818;0,398669961;0,909331725;1,120345712;0,851136399;Poli;0
P0C7.5S0.tiff;0;2,53;0;2,6506;2,887;2,016333333;0,519526039;0,918115691;1,220856356;0,82629057;Poli;0
P0C3.75S1.tiff;0;1,27;1;0,9626;1,41966;1,059007207;0,206403831;0,678049674;-0,467080513;0,507682914;Poli;2
P0C4.5S1.tiff;0;1,53;1;1,1122;1,6753;1,241314286;0,260990332;0,663881096;-0,494709075;0,508043998;Poli;2
P0C5.25S1.tiff;0;1,78;1;1,2938;1,92266;1,424800901;0,294148665;0,672921889;-0,445356096;0,515223208;Poli;2
P0C6S1.tiff;0;2,03;1;1,4501;2,19458;1,611381982;0,348686874;0,660764246;-0,462541019;0,5396662;Poli;2
P0C6.75S1.tiff;0;2,28;1;1,6214;2,45378;1,784651818;0,398669961;0,660776435;-0,409491143;0,550105011;Poli;2
P0C7.5S1.tiff;0;2,53;1;1,8963;2,887;2,016333333;0,519526039;0,656841011;-0,231043921;0,555233426;Poli;2
P0C3.75S2.tiff;0;1,27;2;0,924;1,41966;1,059007207;0,206403831;0,650860065;-0,654092546;0,468403378;Poli;2
P0C4.5S2.tiff;0;1,53;2;1,104;1,6753;1,241314286;0,260990332;0,65898645;-0,526127864;0,501526537;Poli;2
P0C5.25S2.tiff;0;1,78;2;1,2908;1,92266;1,424800901;0,294148665;0,671361551;-0,45555502;0,513319158;Poli;2
P0C6S2.tiff;0;2,03;2;1,423;2,19458;1,611381982;0,348686874;0,648415642;-0,540261181;0,52437293;Poli;2
P0C6.75S2.tiff;0;2,28;2;1,6039;2,45378;1,784651818;0,398669961;0,653644581;-0,453387101;0,541467449;Poli;2
P0C3.75S3.tiff;0;1,27;3;0,8766;1,41966;1,059007207;0,206403831;0,617471789;-0,883739446;0,420168922;Poli;2
P0C4.5S3.tiff;0;1,53;3;1,1047;1,6753;1,241314286;0,260990332;0,659404286;-0,523445772;0,502082906;Poli;2
P0C5.25S3.tiff;0;1,78;3;1,2396;1,92266;1,424800901;0,294148665;0,644731778;-0,629616664;0,480823364;Poli;2
P0C6S3.tiff;0;2,03;3;1,4008;2,19458;1,611381982;0,348686874;0,638299811;-0,603928619;0,511844864;Poli;2
P0C6.75S3.tiff;0;2,28;3;1,5715;2,45378;1,784651818;0,398669961;0,640440463;-0,534657333;0,525475619;Poli;2
P0C7.5S3.tiff;0;2,53;3;1,8131;2,887;2,016333333;0,519526039;0,628022168;-0,391189889;0,525335568;Poli;2
P0C3.75S4.tiff;0;1,27;4;1,0845;1,41966;1,059007207;0,206403831;0,763915304;0,123509301;0,63172891;Poli;1
P0C4.5S4.tiff;0;1,53;4;1,2727;1,6753;1,241314286;0,260990332;0,759684833;0,120256234;0,635611366;Poli;1
P0C5.25S4.tiff;0;1,78;4;1,4674;1,92266;1,424800901;0,294148665;0,763213465;0,144821664;0,625404259;Poli;1
P0C6S4.tiff;0;2,03;4;1,5331;2,19458;1,611381982;0,348686874;0,698584695;-0,224505102;0,586505366;Poli;2
P0C6.75S4.tiff;0;2,28;4;1,854;2,45378;1,784651818;0,398669961;0,755568959;0,173948851;0,664910554;Poli;1
P0C3.75S5.tiff;0;1,27;5;0,8945;1,41966;1,059007207;0,206403831;0,630080442;-0,79701625;0,438384044;Poli;2
P0C4.5S5.tiff;0;1,53;5;1,0561;1,6753;1,241314286;0,260990332;0,630394556;-0,709659566;0,46345503;Poli;2
P0C5.25S5.tiff;0;1,78;5;1,2356;1,92266;1,424800901;0,294148665;0,642651327;-0,643215229;0,47828463;Poli;2
P0C6S5.tiff;0;2,03;5;1,3692;2,19458;1,611381982;0,348686874;0,623900701;-0,694554342;0,494012121;Poli;2
P0C6.75S5.tiff;0;2,28;5;1,5575;2,45378;1,784651818;0,398669961;0,63473498;-0,569774099;0,518565569;Poli;2
P0C7.5S5.tiff;0;2,53;5;1,7924;2,887;2,016333333;0,519526039;0,620852096;-0,431033897;0,517897038;Poli;2
P0C3.75S6.tiff;0;1,27;6;0,8517;1,41966;1,059007207;0,206403831;0,599932378;-1,004376742;0,394830569;Poli;2
P0C4.5S6.tiff;0;1,53;6;1,0591;1,6753;1,241314286;0,260990332;0,63218528;-0,698164888;0,465839467;Poli;2
P0C5.25S6.tiff;0;1,78;6;1,1999;1,92266;1,424800901;0,294148665;0,624083301;-0,76458243;0,45562643;Poli;2
P0C6S6.tiff;0;2,03;6;1,3745;2,19458;1,611381982;0,348686874;0,626315742;-0,679354458;0,497003056;Poli;2
P0C6.75S6.tiff;0;2,28;6;1,5141;2,45378;1,784651818;0,398669961;0,617047983;-0,678636076;0,497144414;Poli;2
P0C7.5S6.tiff;0;2,53;6;1,7666;2,887;2,016333333;0,519526039;0,611915483;-0,480694546;0,508625827;Poli;2
P0C3.75S7.tiff;0;1,27;7;1,2457;1,41966;1,059007207;0,206403831;0,877463618;0,904502557;0,795766765;Poli;0
P0C4.5S7.tiff;0;1,53;7;1,5119;1,6753;1,241314286;0,260990332;0,90246523;1,036765279;0,825730459;Poli;0
P0C5.25S7.tiff;0;1,78;7;1,689;1,92266;1,424800901;0,294148665;0,878470452;0,898182214;0,766050116;Poli;0
P0C6S7.tiff;0;2,03;7;1,9367;2,19458;1,611381982;0,348686874;0,882492322;0,932980398;0,814267866;Poli;0
P0C6.75S7.tiff;0;2,28;7;2,104;2,45378;1,784651818;0,398669961;0,857452583;0,80103397;0,788304302;Poli;0
P0C7.5S7.tiff;0;2,53;7;2,5324;2,887;2,016333333;0,519526039;0,877173537;0,993341292;0,783815487;Poli;0
P2C3.75S0.tiff;2;1,27;0;1,4351;1,41966;1,059007207;0,206403831;1,010875844;1,822121184;0,988501068;Poli;0
P2C4.5S0.tiff;2;1,53;0;1,7047;1,6753;1,241314286;0,260990332;1,017549096;1,775489962;0,978970263;Poli;0
P2C5.25S0.tiff;2;1,78;0;1,9908;1,92266;1,424800901;0,294148665;1,035440483;1,924194011;0,957597588;Poli;0
P2C6S0.tiff;2;2,03;0;2,2399;2,19458;1,611381982;0,348686874;1,020650876;1,802528473;0,985371904;Poli;0
P2C6.75S0.tiff;2;2,28;0;2,5037;2,45378;1,784651818;0,398669961;1,020344122;1,803617657;0,985586227;Poli;0
P2C7.5S0.tiff;2;2,53;0;3,134;2,887;2,016333333;0,519526039;1,08555594;2,151319824;1;Poli;0
P2C3.75S1.tiff;2;1,27;1;1,1316;1,41966;1,059007207;0,206403831;0,797092262;0,35170274;0,679658085;Poli;1
P2C4.5S1.tiff;2;1,53;1;1,3182;1,6753;1,241314286;0,260990332;0,786844147;0,294592193;0,671775324;Poli;1
P2C5.25S1.tiff;2;1,78;1;1,5236;1,92266;1,424800901;0,294148665;0,792443802;0,335881515;0,66107347;Poli;1
P2C6S1.tiff;2;2,03;1;1,7191;2,19458;1,611381982;0,348686874;0,783338953;0,308924787;0,691470245;Poli;1
P2C6.75S1.tiff;2;2,28;1;1,9323;2,45378;1,784651818;0,398669961;0,78747891;0,37035191;0,703557476;Poli;1
P2C7.5S1.tiff;2;2,53;1;2,2583;2,887;2,016333333;0,519526039;0,782230689;0,465745022;0,685317856;Poli;1
P2C3.75S2.tiff;2;1,27;2;1,0865;1,41966;1,059007207;0,206403831;0,765324092;0,133199043;0,633764119;Poli;1
P2C4.5S2.tiff;2;1,53;2;1,1726;1,6753;1,241314286;0,260990332;0,69993434;-0,263282878;0,556050658;Poli;2
P2C5.25S2.tiff;2;1,78;2;1,5056;1,92266;1,424800901;0,294148665;0,783081772;0,274687968;0,649649167;Poli;1
P2C6S2.tiff;2;2,03;2;1,711;2,19458;1,611381982;0,348686874;0,779648042;0,285694775;0,686899193;Poli;1
P2C6.75S2.tiff;2;2,28;2;1,8629;2,45378;1,784651818;0,398669961;0,759196016;0,196273081;0,669303372;Poli;1
P2C7.5S2.tiff;2;2,53;2;2,2251;2,887;2,016333333;0,519526039;0,770730862;0,401840622;0,673387461;Poli;1
P2C3.75S3.tiff;2;1,27;3;0,9676;1,41966;1,059007207;0,206403831;0,681571644;-0,442856156;0,512770937;Poli;2
P2C4.5S3.tiff;2;1,53;3;1,1573;1,6753;1,241314286;0,260990332;0,690801647;-0,321905739;0,543890031;Poli;2
P2C5.25S3.tiff;2;1,78;3;1,36;1,92266;1,424800901;0,294148665;0,707353354;-0,22029983;0,557239254;Poli;2
P2C6S3.tiff;2;2,03;3;1,5333;2,19458;1,611381982;0,348686874;0,698675829;-0,223931521;0,586618232;Poli;2
P2C6.75S3.tiff;2;2,28;3;1,7272;2,45378;1,784651818;0,398669961;0,703893585;-0,144108721;0,602325245;Poli;1
P2C7.5S3.tiff;2;2,53;3;2,0229;2,887;2,016333333;0,519526039;0,700692761;0,012639726;0,600727041;Poli;1
P2C3.75S4.tiff;2;1,27;4;1,1372;1,41966;1,059007207;0,206403831;0,801036868;0,378834019;0,68535667;Poli;1
P2C4.5S4.tiff;2;1,53;4;1,3519;1,6753;1,241314286;0,260990332;0,806959947;0,42371575;0,698560497;Poli;1
P2C5.25S4.tiff;2;1,78;4;1,5759;1,92266;1,424800901;0,294148665;0,819645699;0,513682764;0,694267415;Poli;1
P2C6S4.tiff;2;2,03;4;1,8019;2,19458;1,611381982;0,348686874;0,821068268;0,546387124;0,738196545;Poli;1
P2C6.75S4.tiff;2;2,28;4;1,9903;2,45378;1,784651818;0,398669961;0,811115911;0,515835658;0,732184826;Poli;1
P2C7.5S4.tiff;2;2,53;4;2,2832;2,887;2,016333333;0,519526039;0,790855559;0,513673323;0,694265653;Poli;1
P2C3.75S5.tiff;2;1,27;5;1,0168;1,41966;1,059007207;0,206403831;0,716227829;-0,204488488;0,562837082;Poli;2
P2C4.5S5.tiff;2;1,53;5;1,234;1,6753;1,241314286;0,260990332;0,736584492;-0,028025121;0,604852131;Poli;1
P2C5.25S5.tiff;2;1,78;5;1,4019;1,92266;1,424800901;0,294148665;0,729146079;-0,077854852;0,583832491;Poli;2
P2C6S5.tiff;2;2,03;5;1,5945;2,19458;1,611381982;0,348686874;0,726562714;-0,04841588;0,621155063;Poli;1
P2C6.75S5.tiff;2;2,28;5;1,796;2,45378;1,784651818;0,398669961;0,731931958;0,028465104;0,636283205;Poli;1
P2C7.5S5.tiff;2;2,53;5;2,0107;2,887;2,016333333;0,519526039;0,696466921;-0,010843217;0,596342981;Poli;2
P2C3.75S6.tiff;2;1,27;6;0,9766;1,41966;1,059007207;0,206403831;0,68791119;-0,399252315;0,521929378;Poli;2
P2C4.5S6.tiff;2;1,53;6;1,2072;1,6753;1,241314286;0,260990332;0,720587357;-0,130710917;0,583551163;Poli;2
P2C5.25S6.tiff;2;1,78;6;1,3307;1,92266;1,424800901;0,294148665;0,69211405;-0,319909325;0,538643028;Poli;2
P2C6S6.tiff;2;2,03;6;1,5529;2,19458;1,611381982;0,348686874;0,707606923;-0,16772063;0,597679047;Poli;2
P2C6.75S6.tiff;2;2,28;6;1,6699;2,45378;1,784651818;0,398669961;0,680541858;-0,28783663;0,574043398;Poli;2
P2C7.5S6.tiff;2;2,53;6;1,8525;2,887;2,016333333;0,519526039;0,641669553;-0,315351534;0,539493928;Poli;2
P2C3.75S7.tiff;2;1,27;7;1,3634;1,41966;1,059007207;0,206403831;0,960370793;1,474743911;0,915538822;Poli;0
P2C4.5S7.tiff;2;1,53;7;1,5887;1,6753;1,241314286;0,260990332;0,948307766;1,331029053;0,88677204;Poli;0
P2C5.25S7.tiff;2;1,78;7;1,8597;1,92266;1,424800901;0,294148665;0,967253701;1,478501014;0,874390585;Poli;0
P2C6S7.tiff;2;2,03;7;2,0415;2,19458;1,611381982;0,348686874;0,930246334;1,233536593;0,873409367;Poli;0
P2C6.75S7.tiff;2;2,28;7;2,3049;2,45378;1,784651818;0,398669961;0,939326264;1,304959571;0,887463518;Poli;0
P2C7.5S7.tiff;2;2,53;7;2,7283;2,887;2,016333333;0,519526039;0,945029442;1,370415751;0,854212007;Poli;0
P3C3.75S0.tiff;3;1,27;0;1,3395;1,41966;1,059007207;0,206403831;0,943535776;1,358951486;0,891218073;Poli;0
P3C4.5S0.tiff;3;1,53;0;1,6312;1,6753;1,241314286;0,260990332;0,973676356;1,493870334;0,920551561;Poli;0
P3C5.25S0.tiff;3;1,78;0;1,8729;1,92266;1,424800901;0,294148665;0,974119189;1,523376281;0,882768406;Poli;0
P3C6S0.tiff;3;2,03;0;2,0847;2,19458;1,611381982;0,348686874;0,949931194;1,357429986;0,897788307;Poli;0
P3C6.75S0.tiff;3;2,28;0;2,3427;2,45378;1,784651818;0,398669961;0,954731068;1,399774841;0,906120653;Poli;0
P3C7.5S0.tiff;3;2,53;0;2,7594;2,887;2,016333333;0,519526039;0,95580187;1,430278005;0,865387769;Poli;0
P3C3.75S1.tiff;3;1,27;1;1,1364;1,41966;1,059007207;0,206403831;0,800473353;0,374958122;0,684542587;Poli;1
P3C4.5S1.tiff;3;1,53;1;1,3476;1,6753;1,241314286;0,260990332;0,804393243;0,407240044;0,695142804;Poli;1
P3C5.25S1.tiff;3;1,78;1;1,5548;1,92266;1,424800901;0,294148665;0,80867132;0,441950329;0,680875594;Poli;1
P3C6S1.tiff;3;2,03;1;1,7609;2,19458;1,611381982;0,348686874;0,802385878;0,428803116;0,715059126;Poli;1
P3C6.75S1.tiff;3;2,28;1;1,9518;2,45378;1,784651818;0,398669961;0,795425833;0,41926455;0,713182189;Poli;1
P3C7.5S1.tiff;3;2,53;1;2,3977;2,887;2,016333333;0,519526039;0,830516107;0,734066511;0,735411143;Poli;1
P3C3.75S2.tiff;3;1,27;2;1,0992;1,41966;1,059007207;0,206403831;0,774269896;0,194728909;0,646687697;Poli;1
P3C4.5S2.tiff;3;1,53;2;1,3317;1,6753;1,241314286;0,260990332;0,794902406;0,346318247;0,682505289;Poli;1
P3C5.25S2.tiff;3;1,78;2;1,5634;1,92266;1,424800901;0,294148665;0,81314429;0,471187245;0,686333872;Poli;1
P3C6S2.tiff;3;2,03;2;1,7494;2,19458;1,611381982;0,348686874;0,797145695;0,395822236;0,708569362;Poli;1
P3C6.75S2.tiff;3;2,28;2;1,9632;2,45378;1,784651818;0,398669961;0,800071726;0,447859631;0,718808943;Poli;1
P3C7.5S2.tiff;3;2,53;2;2,3758;2,887;2,016333333;0,519526039;0,822930378;0,691912704;0,727541394;Poli;1
P3C3.75S3.tiff;3;1,27;3;1,0178;1,41966;1,059007207;0,206403831;0,716932223;-0,199643616;0,563854686;Poli;2
P3C4.5S3.tiff;3;1,53;3;1,2359;1,6753;1,241314286;0,260990332;0,737718618;-0,020745158;0,606362274;Poli;1
P3C5.25S3.tiff;3;1,78;3;1,4313;1,92266;1,424800901;0,294148665;0,744437394;0,022094607;0,602492185;Poli;1
P3C6S3.tiff;3;2,03;3;1,646;2,19458;1,611381982;0,348686874;0,750029618;0,099281105;0,650217919;Poli;1
P3C6.75S3.tiff;3;2,28;3;1,8119;2,45378;1,784651818;0,398669961;0,738411757;0,068347717;0,644131047;Poli;1
P3C7.5S3.tiff;3;2,53;3;2,1287;2,887;2,016333333;0,519526039;0,737339799;0,216286881;0,638746193;Poli;1
P3C3.75S4.tiff;3;1,27;4;1,2114;1,41966;1,059007207;0,206403831;0,853302904;0,738323471;0,760862929;Poli;0
P3C4.5S4.tiff;3;1,53;4;1,4994;1,6753;1,241314286;0,260990332;0,89500388;0,988870785;0,815795305;Poli;0
P3C5.25S4.tiff;3;1,78;4;1,7012;1,92266;1,424800901;0,294148665;0,884815828;0,93965784;0,773793254;Poli;0
P3C6S4.tiff;3;2,03;4;1,9407;2,19458;1,611381982;0,348686874;0,884314994;0,944452008;0,816525175;Poli;0
P3C6.75S4.tiff;3;2,28;4;2,1533;2,45378;1,784651818;0,398669961;0,877544034;0,924695155;0,812637549;Poli;0
P3C7.5S4.tiff;3;2,53;4;2,5107;2,887;2,016333333;0,519526039;0,869657083;0,951572452;0,776017609;Poli;0
P3C3.75S5.tiff;3;1,27;5;1,0766;1,41966;1,059007207;0,206403831;0,758350591;0,085234817;0,623689834;Poli;1
P3C4.5S5.tiff;3;1,53;5;1,2666;1,6753;1,241314286;0,260990332;0,756043694;0,09688372;0,630763011;Poli;1
P3C5.25S5.tiff;3;1,78;5;1,4795;1,92266;1,424800901;0,294148665;0,769506829;0,185957326;0,633083929;Poli;1
P3C6S5.tiff;3;2,03;5;1,669;2,19458;1,611381982;0,348686874;0,760509984;0,165242865;0,663197447;Poli;1
P3C6.75S5.tiff;3;2,28;5;1,8535;2,45378;1,784651818;0,398669961;0,755365192;0,172694681;0,664663767;Poli;1
P3C7.5S5.tiff;3;2,53;5;2,16;2,887;2,016333333;0,519526039;0,748181503;0,276534102;0,649993824;Poli;1
P3C3.75S6.tiff;3;1,27;6;0,9909;1,41966;1,059007207;0,206403831;0,697984024;-0,329970655;0,536481123;Poli;2
P3C4.5S6.tiff;3;1,53;6;1,1795;1,6753;1,241314286;0,260990332;0,704053005;-0,236845117;0,561534863;Poli;2
P3C5.25S6.tiff;3;1,78;6;1,3591;1,92266;1,424800901;0,294148665;0,706885253;-0,223359508;0,556668039;Poli;2
P3C6S6.tiff;3;2,03;6;1,5165;2,19458;1,611381982;0,348686874;0,691020605;-0,272112285;0,577137533;Poli;2
P3C6.75S6.tiff;3;2,28;6;1,7332;2,45378;1,784651818;0,398669961;0,706338792;-0,129058678;0,605286695;Poli;1
P3C7.5S6.tiff;3;2,53;6;1,9956;2,887;2,016333333;0,519526039;0,691236578;-0,03990817;0,590916807;Poli;2
P3C3.75S7.tiff;3;1,27;7;1,3567;1,41966;1,059007207;0,206403831;0,955651353;1,442283273;0,908720871;Poli;0
P3C4.5S7.tiff;3;1,53;7;1,5692;1,6753;1,241314286;0,260990332;0,936668059;1,256313642;0,871273201;Poli;0
P3C5.25S7.tiff;3;1,78;7;1,7616;1,92266;1,424800901;0,294148665;0,916230639;1,144996185;0,812128136;Poli;0
P3C6S7.tiff;3;2,03;7;2,0349;2,19458;1,611381982;0,348686874;0,927238925;1,214608435;0,869684807;Poli;0
P3C6.75S7.tiff;3;2,28;7;2,2654;2,45378;1,784651818;0,398669961;0,923228651;1,205880122;0,867967306;Poli;0
P3C7.5S7.tiff;3;2,53;7;2,6456;2,887;2,016333333;0,519526039;0,916383789;1,211232199;0,824493823;Poli;0
P4C3.75S0.tiff;4;1,27;0;1,3639;1,41966;1,059007207;0,206403831;0,96072299;1,477166347;0,916047624;Poli;0
P4C4.5S0.tiff;4;1,53;0;1,5694;1,6753;1,241314286;0,260990332;0,936787441;1,257079954;0,871432164;Poli;0
P4C5.25S0.tiff;4;1,78;0;1,7424;1,92266;1,424800901;0,294148665;0,906244474;1,079723069;0,799942213;Poli;0
P4C6S0.tiff;4;2,03;0;1,8677;2,19458;1,611381982;0,348686874;0,851051226;0,735095117;0,775329282;Poli;0
P4C6.75S0.tiff;4;2,28;0;1,9877;2,45378;1,784651818;0,398669961;0,810056321;0,509313973;0,730901531;Poli;1
P4C7.5S0.tiff;4;2,53;0;2,1277;2,887;2,016333333;0,519526039;0,736993419;0,21436205;0,638386844;Poli;1
P4C3.75S1.tiff;4;1,27;1;1,0905;1,41966;1,059007207;0,206403831;0,768141668;0,152578529;0,637834537;Poli;1
P4C4.5S1.tiff;4;1,53;1;1,2575;1,6753;1,241314286;0,260990332;0,750611831;0,062016528;0,623530219;Poli;1
P4C5.25S1.tiff;4;1,78;1;1,3949;1,92266;1,424800901;0,294148665;0,72550529;-0,101652343;0,579389707;Poli;2
P4C6S1.tiff;4;2,03;1;1,493;2,19458;1,611381982;0,348686874;0,680312406;-0,339507997;0,563875841;Poli;2
P4C6.75S1.tiff;4;2,28;1;1,5938;2,45378;1,784651818;0,398669961;0,649528483;-0,47872134;0,536482341;Poli;2
P4C7.5S1.tiff;4;2,53;1;1,6778;2,887;2,016333333;0,519526039;0,58115691;-0,651619568;0,476715613;Poli;2
P4C3.75S2.tiff;4;1,27;2;1,1112;1,41966;1,059007207;0,206403831;0,782722624;0,252867365;0,658898952;Poli;1
P4C4.5S2.tiff;4;1,53;2;1,2786;1,6753;1,241314286;0,260990332;0,76320659;0,142862435;0,640300758;Poli;1
P4C5.25S2.tiff;4;1,78;2;1,4291;1,92266;1,424800901;0,294148665;0,743293146;0,014615396;0,601095882;Poli;1
P4C6S2.tiff;4;2,03;2;1,571;2,19458;1,611381982;0,348686874;0,715854514;-0,115811592;0,607893371;Poli;1
P4C6.75S2.tiff;4;2,28;2;1,6734;2,45378;1,784651818;0,398669961;0,681968229;-0,279057438;0,575770911;Poli;2
P4C7.5S2.tiff;4;2,53;2;1,7192;2,887;2,016333333;0,519526039;0,595497056;-0,571931551;0,491592672;Poli;2
P4C3.75S3.tiff;4;1,27;3;1,0148;1,41966;1,059007207;0,206403831;0,714819041;-0,21417823;0,560801872;Poli;2
P4C4.5S3.tiff;4;1,53;3;1,1732;1,6753;1,241314286;0,260990332;0,700292485;-0,260983942;0,556527546;Poli;2
P4C5.25S3.tiff;4;1,78;3;1,3431;1,92266;1,424800901;0,294148665;0,698563449;-0,277753771;0,546513103;Poli;2
P4C6S3.tiff;4;2,03;3;1,4661;2,19458;1,611381982;0,348686874;0,668054935;-0,416654577;0,548695437;Poli;2
P4C6.75S3.tiff;4;2,28;3;1,5687;2,45378;1,784651818;0,398669961;0,639299367;-0,541680686;0,524093609;Poli;2
P4C7.5S3.tiff;4;2,53;3;1,7315;2,887;2,016333333;0,519526039;0,599757534;-0,548256126;0,496012668;Poli;2
P4C3.75S4.tiff;4;1,27;4;1,2153;1,41966;1,059007207;0,206403831;0,85605004;0,757218469;0,764831586;Poli;0
P4C4.5S4.tiff;4;1,53;4;1,38;1,6753;1,241314286;0,260990332;0,823733063;0,531382574;0,720894721;Poli;1
P4C5.25S4.tiff;4;1,78;4;1,5409;1,92266;1,424800901;0,294148665;0,801441753;0,394695312;0,672053494;Poli;1
P4C6S4.tiff;4;2,03;4;1,6755;2,19458;1,611381982;0,348686874;0,763471826;0,183884232;0,666865574;Poli;1
P4C6.75S4.tiff;4;2,28;4;1,7993;2,45378;1,784651818;0,398669961;0,733276822;0,036742627;0,637912002;Poli;1
P4C7.5S4.tiff;4;2,53;4;1,8906;2,887;2,016333333;0,519526039;0,654866644;-0,24201546;0,553185135;Poli;2
P4C3.75S5.tiff;4;1,27;5;1,0783;1,41966;1,059007207;0,206403831;0,759548061;0,093471098;0,625419762;Poli;1
P4C4.5S5.tiff;4;1,53;5;1,2408;1,6753;1,241314286;0,260990332;0,740643467;-0,001970516;0,610256855;Poli;1
P4C5.25S5.tiff;4;1,78;5;1,4123;1,92266;1,424800901;0,294148665;0,734555252;-0,042498581;0,5904332;Poli;2
P4C6S5.tiff;4;2,03;5;1,5595;2,19458;1,611381982;0,348686874;0,710614332;-0,148792472;0,601403607;Poli;1
P4C6.75S5.tiff;4;2,28;5;1,6908;2,45378;1,784651818;0,398669961;0,689059329;-0,235412314;0,584359116;Poli;2
P4C7.5S5.tiff;4;2,53;5;1,7801;2,887;2,016333333;0,519526039;0,616591618;-0,454709323;0,513477042;Poli;2
P4C3.75S6.tiff;4;1,27;6;1,0186;1,41966;1,059007207;0,206403831;0,717495738;-0,195767719;0,56466877;Poli;2
P4C4.5S6.tiff;4;1,53;6;1,1708;1,6753;1,241314286;0,260990332;0,698859906;-0,270179685;0,554619996;Poli;2
P4C5.25S6.tiff;4;1,78;6;1,3355;1,92266;1,424800901;0,294148665;0,694610592;-0,303591046;0,541689509;Poli;2
P4C6S6.tiff;4;2,03;6;1,4957;2,19458;1,611381982;0,348686874;0,68154271;-0,33176466;0,565399525;Poli;2
P4C6.75S6.tiff;4;2,28;6;1,6134;2,45378;1,784651818;0,398669961;0,657516159;-0,429557867;0,546156411;Poli;2
P4C7.5S6.tiff;4;2,53;6;1,7037;2,887;2,016333333;0,519526039;0,590128161;-0,601766437;0,486022759;Poli;2
P4C3.75S7.tiff;4;1,27;7;0,4644;1,41966;1,059007207;0,206403831;0,327120578;-2,880795403;0,000712323;Poli;2
P4C4.5S7.tiff;4;1,53;7;0,5233;1,6753;1,241314286;0,260990332;0,312361965;-2,751114498;0,039979057;Poli;2
P4C5.25S7.tiff;4;1,78;7;0,6088;1,92266;1,424800901;0,294148665;0,316644649;-2,774110505;0,08046503;Poli;2
P4C6S7.tiff;4;2,03;7;0,6902;2,19458;1,611381982;0,348686874;0,314502092;-2,641860224;0,110833882;Poli;2
P4C6.75S7.tiff;4;2,28;7;0,801;2,45378;1,784651818;0,398669961;0,326435133;-2,467333668;0,145176088;Poli;2
P4C7.5S7.tiff;4;2,53;7;0,8594;2,887;2,016333333;0,519526039;0,297679252;-2,226901534;0,182624182;Poli;2
P5C3.75S0.tiff;5;1,27;0;1,3417;1,41966;1,059007207;0,206403831;0,945085443;1,369610203;0,893456803;Poli;0
P5C4.5S0.tiff;5;1,53;0;1,5793;1,6753;1,241314286;0,260990332;0,94269683;1,295012393;0,879300805;Poli;0
P5C5.25S0.tiff;5;1,78;0;1,8113;1,92266;1,424800901;0,294148665;0,942080243;1,313958367;0,843671905;Poli;0
P5C6S0.tiff;5;2,03;0;2,0349;2,19458;1,611381982;0,348686874;0,927238925;1,214608435;0,869684807;Poli;0
P5C6.75S0.tiff;5;2,28;0;2,2513;2,45378;1,784651818;0,398669961;0,917482415;1,170512522;0,861007899;Poli;0
P5C7.5S0.tiff;5;2,53;0;2,5395;2,887;2,016333333;0,519526039;0,879632837;1,007007594;0,786366867;Poli;0
P5C3.75S1.tiff;5;1,27;1;1,1152;1,41966;1,059007207;0,206403831;0,7855402;0,27224685;0,66296937;Poli;1
P5C4.5S1.tiff;5;1,53;1;1,3181;1,6753;1,241314286;0,260990332;0,786784457;0,294209037;0,671695842;Poli;1
P5C5.25S1.tiff;5;1,78;1;1,5625;1,92266;1,424800901;0,294148665;0,812676188;0,468127568;0,685762657;Poli;1
P5C6S1.tiff;5;2,03;1;1,7388;2,19458;1,611381982;0,348686874;0,792315614;0,365422468;0,702587492;Poli;1
P5C6.75S1.tiff;5;2,28;1;1,9619;2,45378;1,784651818;0,398669961;0,799541931;0,444598788;0,718167296;Poli;1
P5C7.5S1.tiff;5;2,53;1;2,2678;2,887;2,016333333;0,519526039;0,785521302;0,48403092;0,688731674;Poli;1
P5C3.75S2.tiff;5;1,27;2;1,1325;1,41966;1,059007207;0,206403831;0,797726216;0,356063124;0,680573929;Poli;1
P5C4.5S2.tiff;5;1,53;2;1,3028;1,6753;1,241314286;0,260990332;0,777651764;0,235586176;0,659535215;Poli;1
P5C5.25S2.tiff;5;1,78;2;1,5309;1,92266;1,424800901;0,294148665;0,796240625;0,360698898;0,665706659;Poli;1
P5C6S2.tiff;5;2,03;2;1,7049;2,19458;1,611381982;0,348686874;0,776868467;0,268200569;0,683456797;Poli;1
P5C6.75S2.tiff;5;2,28;2;1,8709;2,45378;1,784651818;0,398669961;0,762456292;0,216339805;0,673251972;Poli;1
P5C7.5S2.tiff;5;2,53;2;1,9972;2,887;2,016333333;0,519526039;0,691790786;-0,03682844;0,591491766;Poli;2
P5C3.75S3.tiff;5;1,27;3;1,0368;1,41966;1,059007207;0,206403831;0,730315709;-0,107591061;0,583189173;Poli;2
P5C4.5S3.tiff;5;1,53;3;1,2188;1,6753;1,241314286;0,260990332;0,72751149;-0,086264827;0,592770985;Poli;2
P5C5.25S3.tiff;5;1,78;3;1,468;1,92266;1,424800901;0,294148665;0,763525532;0,146861449;0,625785069;Poli;1
P5C6S3.tiff;5;2,03;3;1,6653;2,19458;1,611381982;0,348686874;0,758824012;0,154631625;0,661109436;Poli;1
P5C6.75S3.tiff;5;2,28;3;1,8335;2,45378;1,784651818;0,398669961;0,747214502;0,122527872;0,654792267;Poli;1
P5C7.5S3.tiff;5;2,53;3;2,1568;2,887;2,016333333;0,519526039;0,747073086;0,270374642;0,648843907;Poli;1
P5C3.75S4.tiff;5;1,27;4;1,2365;1,41966;1,059007207;0,206403831;0,870983193;0,859929741;0,786404803;Poli;0
P5C4.5S4.tiff;5;1,53;4;1,5029;1,6753;1,241314286;0,260990332;0,897093058;1,002281243;0,818577148;Poli;0
P5C5.25S4.tiff;5;1,78;4;1,6773;1,92266;1,424800901;0,294148665;0,872385133;0,858406409;0,758624319;Poli;0
P5C6S4.tiff;5;2,03;4;1,9189;2,19458;1,611381982;0,348686874;0,874381431;0,881931731;0,80422284;Poli;0
P5C6.75S4.tiff;5;2,28;4;2,1323;2,45378;1,784651818;0,398669961;0,86898581;0,872020005;0,802272475;Poli;0
P5C7.5S4.tiff;5;2,53;4;2,4874;2,887;2,016333333;0,519526039;0,861586422;0,906723882;0,767644771;Poli;0
P5C3.75S5.tiff;5;1,27;5;1,068;1,41966;1,059007207;0,206403831;0,752292803;0,043568924;0,614938435;Poli;1
P5C4.5S5.tiff;5;1,53;5;1,2517;1,6753;1,241314286;0,260990332;0,747149764;0,039793483;0,618920308;Poli;1
P5C5.25S5.tiff;5;1,78;5;1,446;1,92266;1,424800901;0,294148665;0,752083052;0,072069336;0,611822032;Poli;1
P5C6S5.tiff;5;2,03;5;1,6271;2,19458;1,611381982;0,348686874;0,741417492;0,045077745;0,639552133;Poli;1
P5C6.75S5.tiff;5;2,28;5;1,8156;2,45378;1,784651818;0,398669961;0,739919634;0,077628577;0,645957275;Poli;1
P5C7.5S5.tiff;5;2,53;5;2,0386;2,887;2,016333333;0,519526039;0,706130932;0,042859578;0,606368825;Poli;1
P5C3.75S6.tiff;5;1,27;6;1,1467;1,41966;1,059007207;0,206403831;0,807728611;0,424860297;0,695023914;Poli;1
P5C4.5S6.tiff;5;1,53;6;1,4002;1,6753;1,241314286;0,260990332;0,835790605;0,608780077;0,736949929;Poli;1
P5C5.25S6.tiff;5;1,78;6;1,5558;1,92266;1,424800901;0,294148665;0,809191433;0,44534997;0,681510278;Poli;1
P5C6S6.tiff;5;2,03;6;1,7559;2,19458;1,611381982;0,348686874;0,800107538;0,414463603;0,712237489;Poli;1
P5C6.75S6.tiff;5;2,28;6;1,9458;2,45378;1,784651818;0,398669961;0,792980626;0,404214507;0,710220739;Poli;1
P5C7.5S6.tiff;5;2,53;6;2,1973;2,887;2,016333333;0,519526039;0,761101489;0,348330311;0,663397552;Poli;1
P5C3.75S7.tiff;5;1,27;7;1,2752;1,41966;1,059007207;0,206403831;0,898243241;1,047426261;0,8257861;Poli;0
P5C4.5S7.tiff;5;1,53;7;1,4504;1,6753;1,241314286;0,260990332;0,865755387;0,801124367;0,776849505;Poli;0
P5C5.25S7.tiff;5;1,78;7;1,6303;1,92266;1,424800901;0,294148665;0,847939833;0,69862326;0,728794196;Poli;1
P5C6S7.tiff;5;2,03;7;1,8305;2,19458;1,611381982;0,348686874;0,834100375;0,628409139;0,754336306;Poli;0
P5C6.75S7.tiff;5;2,28;7;2,0175;2,45378;1,784651818;0,398669961;0,822200849;0,584062519;0,745610066;Poli;1
P5C7.5S7.tiff;5;2,53;7;2,3109;2,887;2,016333333;0,519526039;0,800450294;0,566991151;0,704219627;Poli;1
P6C3.75S0.tiff;6;1,27;0;1,3856;1,41966;1,059007207;0,206403831;0,97600834;1,582300054;0,938129643;Poli;0
P6C4.5S0.tiff;6;1,53;0;1,5743;1,6753;1,241314286;0,260990332;0,93971229;1,275854596;0,875326744;Poli;0
P6C5.25S0.tiff;6;1,78;0;1,7951;1,92266;1,424800901;0,294148665;0,933654416;1,258884175;0,833390032;Poli;0
P6C6S0.tiff;6;2,03;0;2,0358;2,19458;1,611381982;0,348686874;0,927649026;1,217189548;0,870192702;Poli;0
P6C6.75S0.tiff;6;2,28;0;2,3524;2,45378;1,784651818;0,398669961;0,958684153;1,424105744;0,91090833;Poli;0
P6C7.5S0.tiff;6;2,53;0;2,7102;2,887;2,016333333;0,519526039;0,938759958;1,335576303;0,847707785;Poli;0
P6C3.75S1.tiff;6;1,27;1;1,1133;1,41966;1,059007207;0,206403831;0,784201851;0,263041595;0,661035921;Poli;1
P6C4.5S1.tiff;6;1,53;1;1,3489;1,6753;1,241314286;0,260990332;0,805169223;0,412221072;0,69617606;Poli;1
P6C5.25S1.tiff;6;1,78;1;1,5353;1,92266;1,424800901;0,294148665;0,798529121;0,37565732;0,668499266;Poli;1
P6C6S1.tiff;6;2,03;1;1,7546;2,19458;1,611381982;0,348686874;0,799515169;0,41073533;0,711503864;Poli;1
P6C6.75S1.tiff;6;2,28;1;1,8835;2,45378;1,784651818;0,398669961;0,767591227;0,247944895;0,679471017;Poli;1
P6C7.5S1.tiff;6;2,53;1;2,0322;2,887;2,016333333;0,519526039;0,703914098;0,030540657;0,60406899;Poli;1
P6C3.75S2.tiff;6;1,27;2;1,1553;1,41966;1,059007207;0,206403831;0,8137864;0,46652619;0,703775313;Poli;1
P6C4.5S2.tiff;6;1,53;2;1,3767;1,6753;1,241314286;0,260990332;0,821763266;0,518738427;0,718271841;Poli;1
P6C5.25S2.tiff;6;1,78;2;1,5941;1,92266;1,424800901;0,294148665;0,829111751;0,575556239;0,705818655;Poli;1
P6C6S2.tiff;6;2,03;2;1,7837;2,19458;1,611381982;0,348686874;0,81277511;0,494191296;0,727925788;Poli;1
P6C6.75S2.tiff;6;2,28;2;1,762;2,45378;1,784651818;0,398669961;0,718075785;-0,056818472;0,619501655;Poli;1
P6C7.5S2.tiff;6;2,53;2;1,9749;2,887;2,016333333;0,519526039;0,684066505;-0,079752178;0,583478277;Poli;2
P6C3.75S3.tiff;6;1,27;3;0,9214;1,41966;1,059007207;0,206403831;0,649028641;-0,666689211;0,465757607;Poli;2
P6C4.5S3.tiff;6;1,53;3;1,0923;1,6753;1,241314286;0,260990332;0,652002626;-0,57095711;0,492227234;Poli;2
P6C5.25S3.tiff;6;1,78;3;1,2501;1,92266;1,424800901;0,294148665;0,650192962;-0,593920428;0,48748754;Poli;2
P6C6S3.tiff;6;2,03;3;1,3731;2,19458;1,611381982;0,348686874;0,625677806;-0,683369521;0,496212998;Poli;2
P6C6.75S3.tiff;6;2,28;3;1,5343;2,45378;1,784651818;0,398669961;0,62528018;-0,627967598;0,507114629;Poli;2
P6C7.5S3.tiff;6;2,53;3;1,6765;2,887;2,016333333;0,519526039;0,580706616;-0,654121849;0,476248459;Poli;2
P6C3.75S4.tiff;6;1,27;4;1,011;1,41966;1,059007207;0,206403831;0,712142344;-0,232588741;0,556934975;Poli;2
P6C4.5S4.tiff;6;1,53;4;1,1867;1,6753;1,241314286;0,260990332;0,708350743;-0,209257888;0,567257511;Poli;2
P6C5.25S4.tiff;6;1,78;4;1,3952;1,92266;1,424800901;0,294148665;0,725661323;-0,10063245;0,579580112;Poli;2
P6C6S4.tiff;6;2,03;4;1,5999;2,19458;1,611381982;0,348686874;0,729023321;-0,032929206;0,62420243;Poli;1
P6C6.75S4.tiff;6;2,28;4;1,7737;2,45378;1,784651818;0,398669961;0,722843939;-0,027470889;0,625276482;Poli;1
P6C7.5S4.tiff;6;2,53;4;2,0478;2,887;2,016333333;0,519526039;0,709317631;0,060568026;0,609674838;Poli;1
P6C3.75S5.tiff;6;1,27;5;1,1133;1,41966;1,059007207;0,206403831;0,784201851;0,263041595;0,661035921;Poli;1
P6C4.5S5.tiff;6;1,53;5;1,3371;1,6753;1,241314286;0,260990332;0,798125709;0,367008669;0,686797275;Poli;1
P6C5.25S5.tiff;6;1,78;5;1,4592;1,92266;1,424800901;0,294148665;0,75894854;0,116944604;0,620199854;Poli;1
P6C6S5.tiff;6;2,03;5;1,6586;2,19458;1,611381982;0,348686874;0,755771036;0,135416678;0,657328443;Poli;1
P6C6.75S5.tiff;6;2,28;5;1,8699;2,45378;1,784651818;0,398669961;0,762048757;0,213831465;0,672758397;Poli;1
P6C7.5S5.tiff;6;2,53;5;2,0933;2,887;2,016333333;0,519526039;0,725077936;0,148147852;0,626025229;Poli;1
P6C3.75S6.tiff;6;1,27;6;0,997;1,41966;1,059007207;0,206403831;0,702280828;-0,30041694;0,542688511;Poli;2
P6C4.5S6.tiff;6;1,53;6;1,1537;1,6753;1,241314286;0,260990332;0,688652779;-0,335699354;0,541028707;Poli;2
P6C5.25S6.tiff;6;1,78;6;1,3398;1,92266;1,424800901;0,294148665;0,696847076;-0,288972588;0,544418648;Poli;2
P6C6S6.tiff;6;2,03;6;1,4787;2,19458;1,611381982;0,348686874;0,673796353;-0,380519004;0,555805961;Poli;2
P6C6.75S6.tiff;6;2,28;6;1,6483;2,45378;1,784651818;0,398669961;0,671739113;-0,342016784;0,563382178;Poli;2
P6C7.5S6.tiff;6;2,53;6;1,8804;2,887;2,016333333;0,519526039;0,651333564;-0,26164874;0,549519772;Poli;2
P6C3.75S7.tiff;6;1,27;7;1,2701;1,41966;1,059007207;0,206403831;0,894650832;1,022717417;0,820596316;Poli;0
P6C4.5S7.tiff;6;1,53;7;1,4653;1,6753;1,241314286;0,260990332;0,874649317;0,858214604;0,788692207;Poli;0
P6C5.25S7.tiff;6;1,78;7;1,6117;1,92266;1,424800901;0,294148665;0,838265736;0,635389929;0,716989084;Poli;1
P6C6S7.tiff;6;2,03;7;1,8284;2,19458;1,611381982;0,348686874;0,833143472;0,622386543;0,753151219;Poli;0
P6C6.75S7.tiff;6;2,28;7;1,9982;2,45378;1,784651818;0,398669961;0,814335433;0,535651548;0,736084068;Poli;1
P6C7.5S7.tiff;6;2,53;7;2,3994;2,887;2,016333333;0,519526039;0,831104953;0,737338724;0,736022036;Poli;1
P7C3.75S0.tiff;7;1,27;0;1,2816;1,41966;1,059007207;0,206403831;0,902751363;1,078433437;0,832298769;Poli;0
P7C4.5S0.tiff;7;1,53;0;1,4948;1,6753;1,241314286;0,260990332;0,892258103;0,971245611;0,812139169;Poli;0
P7C5.25S0.tiff;7;1,78;0;1,7358;1,92266;1,424800901;0,294148665;0,90281173;1,057285435;0,795753303;Poli;0
P7C6S0.tiff;7;2,03;0;1,9744;2,19458;1,611381982;0,348686874;0,899671008;1,041100327;0,835543005;Poli;0
P7C6.75S0.tiff;7;2,28;0;2,1737;2,45378;1,784651818;0,398669961;0,885857738;0,975865301;0,822706479;Poli;0
P7C7.5S0.tiff;7;2,53;0;2,3502;2,887;2,016333333;0,519526039;0,814063041;0,642637022;0,718342053;Poli;1
P7C3.75S1.tiff;7;1,27;1;1,0226;1,41966;1,059007207;0,206403831;0,720313314;-0,176388234;0,568739188;Poli;2
P7C4.5S1.tiff;7;1,53;1;1,2511;1,6753;1,241314286;0,260990332;0,746791619;0,037494547;0,618443421;Poli;1
P7C5.25S1.tiff;7;1,78;1;1,4001;1,92266;1,424800901;0,294148665;0,728209876;-0,083974207;0,582690061;Poli;2
P7C6S1.tiff;7;2,03;1;1,5945;2,19458;1,611381982;0,348686874;0,726562714;-0,04841588;0,621155063;Poli;1
P7C6.75S1.tiff;7;2,28;1;1,7331;2,45378;1,784651818;0,398669961;0,706298038;-0,129309512;0,605237338;Poli;1
P7C7.5S1.tiff;7;2,53;1;1,978;2,887;2,016333333;0,519526039;0,685140284;-0,073785201;0,58459226;Poli;2
P7C3.75S2.tiff;7;1,27;2;1,0405;1,41966;1,059007207;0,206403831;0,732921967;-0,089665037;0,58695431;Poli;2
P7C4.5S2.tiff;7;1,53;2;1,187;1,6753;1,241314286;0,260990332;0,708529816;-0,20810842;0,567495955;Poli;2
P7C5.25S2.tiff;7;1,78;2;1,3893;1,92266;1,424800901;0,294148665;0,722592658;-0,120690335;0,57583548;Poli;2
P7C6S2.tiff;7;2,03;2;1,527;2,19458;1,611381982;0,348686874;0,69580512;-0,241999308;0,58306297;Poli;2
P7C6.75S2.tiff;7;2,28;2;1,7123;2,45378;1,784651818;0,398669961;0,697821321;-0,181482994;0,594970978;Poli;2
P7C7.5S2.tiff;7;2,53;2;1,95;2,887;2,016333333;0,519526039;0,675441635;-0,127680479;0,574530481;Poli;2
P7C3.75S3.tiff;7;1,27;3;0,9425;1,41966;1,059007207;0,206403831;0,663891354;-0,564462426;0,487229063;Poli;2
P7C4.5S3.tiff;7;1,53;3;1,0719;1,6753;1,241314286;0,260990332;0,639825703;-0,649120925;0,476013064;Poli;2
P7C5.25S3.tiff;7;1,78;3;1,2459;1,92266;1,424800901;0,294148665;0,648008488;-0,608198922;0,48482187;Poli;2
P7C6S3.tiff;7;2,03;3;1,3863;2,19458;1,611381982;0,348686874;0,631692625;-0,645513207;0,503662118;Poli;2
P7C6.75S3.tiff;7;2,28;3;1,5417;2,45378;1,784651818;0,398669961;0,628295935;-0,609405879;0,510767084;Poli;2
P7C7.5S3.tiff;7;2,53;3;1,7365;2,887;2,016333333;0,519526039;0,601489435;-0,538631969;0,497809414;Poli;2
P7C3.75S4.tiff;7;1,27;4;1,2187;1,41966;1,059007207;0,206403831;0,85844498;0,773691031;0,768291442;Poli;0
P7C4.5S4.tiff;7;1,53;4;1,413;1,6753;1,241314286;0,260990332;0,843431027;0,657824039;0,747123526;Poli;1
P7C5.25S4.tiff;7;1,78;4;1,6454;1,92266;1,424800901;0,294148665;0,855793536;0,749957846;0,738377917;Poli;1
P7C6S4.tiff;7;2,03;4;1,8807;2,19458;1,611381982;0,348686874;0,856974911;0,772377851;0,782665537;Poli;0
P7C6.75S4.tiff;7;2,28;4;2,0615;2,45378;1,784651818;0,398669961;0,840132367;0,6944295;0,767327365;Poli;0
P7C7.5S4.tiff;7;2,53;4;2,4152;2,887;2,016333333;0,519526039;0,836577762;0,767751059;0,741699755;Poli;1
P7C3.75S5.tiff;7;1,27;5;1,0601;1,41966;1,059007207;0,206403831;0,74672809;0,00529444;0,606899359;Poli;1
P7C4.5S5.tiff;7;1,53;5;1,2907;1,6753;1,241314286;0,260990332;0,770429177;0,189224306;0,649917986;Poli;1
P7C5.25S5.tiff;7;1,78;5;1,4655;1,92266;1,424800901;0,294148665;0,76222525;0,138362345;0,62419836;Poli;1
P7C6S5.tiff;7;2,03;5;1,8924;2,19458;1,611381982;0,348686874;0,862306227;0,805932311;0,789268166;Poli;0
P7C6.75S5.tiff;7;2,28;5;1,826;2,45378;1,784651818;0,398669961;0,744157993;0,103715318;0,651090455;Poli;1
P7C7.5S5.tiff;7;2,53;5;2,0156;2,887;2,016333333;0,519526039;0,698164184;-0,001411543;0,598103792;Poli;2
P7C3.75S6.tiff;7;1,27;6;0,9753;1,41966;1,059007207;0,206403831;0,686995478;-0,405550647;0,520606492;Poli;2
P7C4.5S6.tiff;7;1,53;6;1,1663;1,6753;1,241314286;0,260990332;0,69617382;-0,287421703;0,551043341;Poli;2
P7C5.25S6.tiff;7;1,78;6;1,3381;1,92266;1,424800901;0,294148665;0,695962885;-0,294751978;0,543339686;Poli;2
P7C6.75S6.tiff;7;2,28;6;1,6588;2,45378;1,784651818;0,398669961;0,676018225;-0,315679209;0,568564716;Poli;2
P7C7.5S6.tiff;7;2,53;6;1,8822;2,887;2,016333333;0,519526039;0,651957049;-0,258184043;0,550166601;Poli;2
P7C3.75S7.tiff;7;1,27;7;1,2306;1,41966;1,059007207;0,206403831;0,866827269;0,831345;0,780400936;Poli;0
P7C4.5S7.tiff;7;1,53;7;1,4671;1,6753;1,241314286;0,260990332;0,875723751;0,865111411;0,790122869;Poli;0
P7C5.25S7.tiff;7;1,78;7;1,6713;1,92266;1,424800901;0,294148665;0,869264457;0,83800856;0,754816219;Poli;0
P7C6S7.tiff;7;2,03;7;1,8317;2,19458;1,611381982;0,348686874;0,834647176;0,631850622;0,755013499;Poli;0
P7C6.75S7.tiff;7;2,28;7;2,0451;2,45378;1,784651818;0,398669961;0,833448801;0,653292716;0,759232735;Poli;0
P7C7.5S7.tiff;7;2,53;7;2,2527;2,887;2,016333333;0,519526039;0,780290959;0,454965967;0,683305501;Poli;1
P8C3.75S0.tiff;8;1,27;0;1,2421;1,41966;1,059007207;0,206403831;0,8749278;0,88706102;0,792103389;Poli;0
P8C4.5S0.tiff;8;1,53;0;1,4915;1,6753;1,241314286;0,260990332;0,890288307;0,958601464;0,809516289;Poli;0
P8C5.25S0.tiff;8;1,78;0;1,6794;1,92266;1,424800901;0,294148665;0,87347737;0,865545656;0,759957155;Poli;0
P8C6S0.tiff;8;2,03;0;1,9469;2,19458;1,611381982;0,348686874;0,887140136;0,962233004;0,820024004;Poli;0
P8C6.75S0.tiff;8;2,28;0;2,1443;2,45378;1,784651818;0,398669961;0,873876224;0,902120091;0,808195375;Poli;0
P8C7.5S0.tiff;8;2,53;0;2,3506;2,887;2,016333333;0,519526039;0,814201593;0,643406955;0,718485793;Poli;1
P8C3.75S1.tiff;8;1,27;1;1,0746;1,41966;1,059007207;0,206403831;0,756941803;0,075545075;0,621654625;Poli;1
P8C4.5S1.tiff;8;1,53;1;1,237;1,6753;1,241314286;0,260990332;0,738375216;-0,016530443;0,607236568;Poli;1
P8C5.25S1.tiff;8;1,78;1;1,4382;1,92266;1,424800901;0,294148665;0,748026172;0,045552133;0,606871501;Poli;1
P8C6S1.tiff;8;2,03;1;1,614;2,19458;1,611381982;0,348686874;0,735448241;0,007508221;0,632159445;Poli;1
P8C6.75S1.tiff;8;2,28;1;1,7874;2,45378;1,784651818;0,398669961;0,728427161;0,006893376;0,63203846;Poli;1
P8C7.5S1.tiff;8;2,53;1;2,0092;2,887;2,016333333;0,519526039;0,69594735;-0,013730464;0,595803957;Poli;2
P8C3.75S2.tiff;8;1,27;2;1,0572;1,41966;1,059007207;0,206403831;0,744685347;-0,008755686;0,603948306;Poli;1
P8C4.5S2.tiff;8;1,53;2;1,2364;1,6753;1,241314286;0,260990332;0,738017072;-0,018829378;0,606759681;Poli;1
P8C5.25S2.tiff;8;1,78;2;1,421;1,92266;1,424800901;0,294148665;0,739080233;-0,0129217;0,595954946;Poli;2
P8C6S2.tiff;8;2,03;2;1,6137;2,19458;1,611381982;0,348686874;0,73531154;0,00664785;0,631990147;Poli;1
P8C6.75S2.tiff;8;2,28;2;1,773;2,45378;1,784651818;0,398669961;0,722558665;-0,029226727;0,62493098;Poli;1
P8C7.5S2.tiff;8;2,53;2;2,0033;2,887;2,016333333;0,519526039;0,693903706;-0,025086968;0,593683796;Poli;2
P8C3.75S3.tiff;8;1,27;3;0,9866;1,41966;1,059007207;0,206403831;0,69495513;-0,350803601;0,532105424;Poli;2
P8C4.5S3.tiff;8;1,53;3;1,1526;1,6753;1,241314286;0,260990332;0,68799618;-0,339914069;0,540154413;Poli;2
P8C5.25S3.tiff;8;1,78;3;1,3174;1,92266;1,424800901;0,294148665;0,685196551;-0,365124557;0,530201738;Poli;2
P8C6S3.tiff;8;2,03;3;1,545;2,19458;1,611381982;0,348686874;0,704007145;-0,19037706;0,593220861;Poli;2
P8C6.75S3.tiff;8;2,28;3;1,714;2,45378;1,784651818;0,398669961;0,698514129;-0,177218815;0,595810055;Poli;2
P8C7.5S3.tiff;8;2,53;3;1,9392;2,887;2,016333333;0,519526039;0,671700727;-0,148468657;0,570649509;Poli;2
P8C3.75S4.tiff;8;1,27;4;1,1696;1,41966;1,059007207;0,206403831;0,823859234;0,53580785;0,718327058;Poli;1
P8C4.5S4.tiff;8;1,53;4;1,4512;1,6753;1,241314286;0,260990332;0,866232914;0,804189614;0,777485354;Poli;0
P8C5.25S4.tiff;8;1,78;4;1,675;1,92266;1,424800901;0,294148665;0,871188874;0,850587234;0,757164547;Poli;0
P8C6S4.tiff;8;2,03;4;1,8376;2,19458;1,611381982;0,348686874;0,837335618;0,648771248;0,75834303;Poli;0
P8C6.75S4.tiff;8;2,28;4;2,0907;2,45378;1,784651818;0,398669961;0,852032375;0,767673042;0,781739755;Poli;0
P8C3.75S5.tiff;8;1,27;5;1,0371;1,41966;1,059007207;0,206403831;0,730527028;-0,1061376;0,583494454;Poli;2
P8C4.5S5.tiff;8;1,53;5;1,246;1,6753;1,241314286;0,260990332;0,743747389;0,017953593;0,614389878;Poli;1
P8C5.25S5.tiff;8;1,78;5;1,4269;1,92266;1,424800901;0,294148665;0,742148898;0,007136184;0,599699578;Poli;2
P8C6S5.tiff;8;2,03;5;1,6195;2,19458;1,611381982;0,348686874;0,737954415;0,023281685;0,635263245;Poli;1
P8C6.75S5.tiff;8;2,28;5;1,7874;2,45378;1,784651818;0,398669961;0,728427161;0,006893376;0,63203846;Poli;1
P8C3.75S6.tiff;8;1,27;6;0,9763;1,41966;1,059007207;0,206403831;0,687699872;-0,400705776;0,521624097;Poli;2
P8C4.5S6.tiff;8;1,53;6;1,1878;1,6753;1,241314286;0,260990332;0,709007342;-0,205043173;0,568131805;Poli;2
P8C5.25S6.tiff;8;1,78;6;1,3792;1,92266;1,424800901;0,294148665;0,717339519;-0,155026714;0,569425177;Poli;2
P8C6S6.tiff;8;2,03;6;1,5526;2,19458;1,611381982;0,348686874;0,707470222;-0,168581;0,597509749;Poli;2
P8C7.5S6.tiff;8;2,53;6;1,9514;2,887;2,016333333;0,519526039;0,675926567;-0,124985715;0,57503357;Poli;2
P8C3.75S7.tiff;8;1,27;7;1,3706;1,41966;1,059007207;0,206403831;0,96544243;1,509626984;0,922865574;Poli;0
P8C4.5S7.tiff;8;1,53;7;1,5715;1,6753;1,241314286;0,260990332;0,938040948;1,265126229;0,873101269;Poli;0
P8C5.25S7.tiff;8;1,78;7;1,8178;1,92266;1,424800901;0,294148665;0,945460976;1,336056036;0,847797347;Poli;0
P8C6S7.tiff;8;2,03;7;2,0354;2,19458;1,611381982;0,348686874;0,927466759;1,216042387;0,869966971;Poli;0
P8C6.75S7.tiff;8;2,28;7;2,2655;2,45378;1,784651818;0,398669961;0,923269405;1,206130956;0,868016664;Poli;0
P8C7.5S7.tiff;8;2,53;7;2,7526;2,887;2,016333333;0,519526039;0,953446484;1,417189152;0,862944194;Poli;0
P9C4.5S0.tiff;9;1,53;0;1,5906;1,6753;1,241314286;0,260990332;0,949441891;1,338309016;0,888282184;Poli;0
P9C5.25S0.tiff;9;1,78;0;1,8284;1,92266;1,424800901;0,294148665;0,950974171;1,372092236;0,854524992;Poli;0
P9C6S0.tiff;9;2,03;0;2,1091;2,19458;1,611381982;0,348686874;0,961049495;1,42740681;0,911557893;Poli;0
P9C6.75S0.tiff;9;2,28;0;2,3471;2,45378;1,784651818;0,398669961;0,95652422;1,410811539;0,908292383;Poli;0
P9C7.5S0.tiff;9;2,53;0;2,673;2,887;2,016333333;0,519526039;0,92587461;1,263972578;0,834339993;Poli;0
P9C3.75S1.tiff;9;1,27;1;1,0636;1,41966;1,059007207;0,206403831;0,749193469;0,02225149;0,610460975;Poli;1
P9C4.5S1.tiff;9;1,53;1;1,2455;1,6753;1,241314286;0,260990332;0,743448935;0,016037814;0,613992472;Poli;1
P9C5.25S1.tiff;9;1,78;1;1,4363;1,92266;1,424800901;0,294148665;0,747037958;0,039092814;0,605665603;Poli;1
P9C6S1.tiff;9;2,03;1;1,6135;2,19458;1,611381982;0,348686874;0,735220407;0,006074269;0,631877281;Poli;1
P9C6.75S1.tiff;9;2,28;1;1,8233;2,45378;1,784651818;0,398669961;0,74305765;0,096942799;0,649757802;Poli;1
P9C7.5S1.tiff;9;2,53;1;2,0856;2,887;2,016333333;0,519526039;0,722410807;0,133326651;0,62325824;Poli;1
P9C3.75S2.tiff;9;1,27;2;1,0636;1,41966;1,059007207;0,206403831;0,749193469;0,02225149;0,610460975;Poli;1
P9C4.5S2.tiff;9;1,53;2;1,2251;1,6753;1,241314286;0,260990332;0,731272011;-0,062126001;0,597778302;Poli;2
P9C5.25S2.tiff;9;1,78;2;1,3955;1,92266;1,424800901;0,294148665;0,725817357;-0,099612558;0,579770517;Poli;2
P9C6S2.tiff;9;2,03;2;1,5736;2,19458;1,611381982;0,348686874;0,717039251;-0,108355045;0,609360622;Poli;1
P9C6.75S2.tiff;9;2,28;2;1,7698;2,45378;1,784651818;0,398669961;0,721254554;-0,037253417;0,62335154;Poli;1
P9C7.5S2.tiff;9;2,53;2;2,041;2,887;2,016333333;0,519526039;0,706962245;0,047479173;0,607231263;Poli;1
P9C3.75S3.tiff;9;1,27;3;0,9359;1,41966;1,059007207;0,206403831;0,659242354;-0,596438577;0,480512873;Poli;2
P9C4.5S3.tiff;9;1,53;3;1,0864;1,6753;1,241314286;0,260990332;0,648480869;-0,593563312;0,487537841;Poli;2
P9C5.25S3.tiff;9;1,78;3;1,2607;1,92266;1,424800901;0,294148665;0,655706157;-0,557884228;0,494215185;Poli;2
P9C6S3.tiff;9;2,03;3;1,4392;2,19458;1,611381982;0,348686874;0,655797465;-0,493801158;0,533515032;Poli;2
P9C6.75S3.tiff;9;2,28;3;1,6007;2,45378;1,784651818;0,398669961;0,652340471;-0,461413791;0,539888009;Poli;2
P9C7.5S3.tiff;9;2,53;3;1,8294;2,887;2,016333333;0,519526039;0,633668168;-0,359815138;0,53119296;Poli;2
P9C3.75S4.tiff;9;1,27;4;1,1349;1,41966;1,059007207;0,206403831;0,799416762;0,367690815;0,68301618;Poli;1
P9C4.5S4.tiff;9;1,53;4;1,3728;1,6753;1,241314286;0,260990332;0,819435325;0,503795345;0,715172073;Poli;1
P9C5.25S4.tiff;9;1,78;4;1,5586;1,92266;1,424800901;0,294148665;0,810647748;0,454868966;0,683287391;Poli;1
P9C6S4.tiff;9;2,03;4;1,7808;2,19458;1,611381982;0,348686874;0,811453672;0,485874378;0,726289239;Poli;1
P9C6.75S4.tiff;9;2,28;4;1,9542;2,45378;1,784651818;0,398669961;0,796403916;0,425284567;0,714366769;Poli;1
P9C7.5S4.tiff;9;2,53;4;2,2728;2,887;2,016333333;0,519526039;0,787253204;0,493655077;0,690528421;Poli;1
P9C3.75S5.tiff;9;1,27;5;1,0442;1,41966;1,059007207;0,206403831;0,735528225;-0,071739013;0,590719446;Poli;2
P9C4.5S5.tiff;9;1,53;5;1,21;1,6753;1,241314286;0,260990332;0,7222587;-0,119982551;0,585776637;Poli;2
P9C5.25S5.tiff;9;1,78;5;1,3946;1,92266;1,424800901;0,294148665;0,725349256;-0,102672235;0,579199302;Poli;2
P9C6S5.tiff;9;2,03;5;1,5727;2,19458;1,611381982;0,348686874;0,71662915;-0,110936158;0,608852727;Poli;1
P9C6.75S5.tiff;9;2,28;5;1,7866;2,45378;1,784651818;0,398669961;0,728101134;0,004886703;0,6316436;Poli;1
P9C7.5S5.tiff;9;2,53;5;2,0123;2,887;2,016333333;0,519526039;0,697021129;-0,007763486;0,596917939;Poli;2
P9C3.75S6.tiff;9;1,27;6;0,9729;1,41966;1,059007207;0,206403831;0,685304932;-0,417178338;0,518164241;Poli;2
P9C4.5S6.tiff;9;1,53;6;1,1719;1,6753;1,241314286;0,260990332;0,699516505;-0,26596497;0,55549429;Poli;2
P9C5.25S6.tiff;9;1,78;6;1,3148;1,92266;1,424800901;0,294148665;0,683844257;-0,373963625;0,528551561;Poli;2
P9C6S6.tiff;9;2,03;6;1,4984;2,19458;1,611381982;0,348686874;0,682773014;-0,324021323;0,566923209;Poli;2
P9C6.75S6.tiff;9;2,28;6;1,6854;2,45378;1,784651818;0,398669961;0,686858643;-0,248957353;0,581693811;Poli;2
P9C7.5S6.tiff;9;2,53;6;1,9435;2,887;2,016333333;0,519526039;0,673190163;-0,140191882;0,572194711;Poli;2
P10C3.75S0.tiff;10;1,27;0;1,4166;1,41966;1,059007207;0,206403831;0,997844554;1,732491065;0,969675384;Poli;0
P10C4.5S0.tiff;10;1,53;0;1,6668;1,6753;1,241314286;0,260990332;0,994926282;1,630273855;0,948846878;Poli;0
P10C6S0.tiff;10;2,03;0;2,2506;2,19458;1,611381982;0,348686874;1,025526524;1,833215031;0,991410206;Poli;0
P10C6.75S0.tiff;10;2,28;0;2,4926;2,45378;1,784651818;0,398669961;1,015820489;1,775775078;0,980107544;Poli;0
P10C7.5S0.tiff;10;2,53;0;2,917;2,887;2,016333333;0,519526039;1,01039141;1,733631424;0,922021211;Poli;0
P10C3.75S1.tiff;10;1,27;1;1,1211;1,41966;1,059007207;0,206403831;0,789696124;0,300831591;0,668973237;Poli;1
P10C4.5S1.tiff;10;1,53;1;1,3955;1,6753;1,241314286;0,260990332;0,832985137;0,590771747;0,733214311;Poli;1
P10C5.25S1.tiff;10;1,78;1;1,5353;1,92266;1,424800901;0,294148665;0,798529121;0,37565732;0,668499266;Poli;1
P10C6S1.tiff;10;2,03;1;1,7573;2,19458;1,611381982;0,348686874;0,800745473;0,418478667;0,713027548;Poli;1
P10C6.75S1.tiff;10;2,28;1;1,924;2,45378;1,784651818;0,398669961;0,784096374;0,349532684;0,699460804;Poli;1
P10C7.5S1.tiff;10;2,53;1;2,1341;2,887;2,016333333;0,519526039;0,739210253;0,22668097;0,640686679;Poli;1
P10C3.75S2.tiff;10;1,27;2;1,121;1,41966;1,059007207;0,206403831;0,789625685;0,300347104;0,668871477;Poli;1
P10C4.5S2.tiff;10;1,53;2;1,2969;1,6753;1,241314286;0,260990332;0,774130007;0,212979975;0,654845822;Poli;1
P10C5.25S2.tiff;10;1,78;2;1,4941;1,92266;1,424800901;0,294148665;0,777100475;0,235592091;0,642350307;Poli;1
P10C6S2.tiff;10;2,03;2;1,6765;2,19458;1,611381982;0,348686874;0,763927494;0,186752135;0,667429901;Poli;1
P10C6.75S2.tiff;10;2,28;2;1,8762;2,45378;1,784651818;0,398669961;0,764616225;0,22963401;0,675867919;Poli;1
P10C3.75S3.tiff;10;1,27;3;1,0093;1,41966;1,059007207;0,206403831;0,710944874;-0,240825022;0,555205047;Poli;2
P10C4.5S3.tiff;10;1,53;3;1,1841;1,6753;1,241314286;0,260990332;0,706798782;-0,219219943;0,565190999;Poli;2
P10C5.25S3.tiff;10;1,78;3;1,3748;1,92266;1,424800901;0,294148665;0,715051023;-0,169985136;0,566632569;Poli;2
P10C6S3.tiff;10;2,03;3;1,5598;2,19458;1,611381982;0,348686874;0,710751032;-0,147932101;0,601572905;Poli;1
P10C6.75S3.tiff;10;2,28;3;1,7372;2,45378;1,784651818;0,398669961;0,70796893;-0,119025316;0,607260995;Poli;1
P10C7.5S3.tiff;10;2,53;3;1,9728;2,887;2,016333333;0,519526039;0,683339106;-0,083794324;0,582723644;Poli;2
P10C3.75S4.tiff;10;1,27;4;1,1929;1,41966;1,059007207;0,206403831;0,840271614;0,648693351;0,742037244;Poli;1
P10C4.5S4.tiff;10;1,53;4;1,4081;1,6753;1,241314286;0,260990332;0,840506178;0,639049397;0,743228946;Poli;1
P10C5.25S4.tiff;10;1,78;4;1,6552;1,92266;1,424800901;0,294148665;0,860890641;0,783274333;0,744597815;Poli;1
P10C6S4.tiff;10;2,03;4;1,8682;2,19458;1,611381982;0,348686874;0,85127906;0,736529068;0,775611446;Poli;0
P10C6.75S4.tiff;10;2,28;4;2,0619;2,45378;1,784651818;0,398669961;0,840295381;0,695432836;0,767524795;Poli;0
P10C7.5S4.tiff;10;2,53;4;2,405;2,887;2,016333333;0,519526039;0,833044683;0,748117779;0,738034392;Poli;1
P10C3.75S5.tiff;10;1,27;5;1,0952;1,41966;1,059007207;0,206403831;0,77145232;0,175349424;0,642617279;Poli;1
P10C4.5S5.tiff;10;1,53;5;1,3172;1,6753;1,241314286;0,260990332;0,786247239;0,290760634;0,670980511;Poli;1
P10C5.25S5.tiff;10;1,78;5;1,4864;1,92266;1,424800901;0,294148665;0,773095607;0,209414852;0,637463245;Poli;1
P10C6S5.tiff;10;2,03;5;1,6826;2,19458;1,611381982;0,348686874;0,766707069;0,204246341;0,670872298;Poli;1
P10C6.75S5.tiff;10;2,28;5;1,8829;2,45378;1,784651818;0,398669961;0,767346706;0,246439891;0,679174872;Poli;1
P10C3.75S6.tiff;10;1,27;6;1,0485;1,41966;1,059007207;0,206403831;0,738557119;-0,050906067;0,595095146;Poli;2
P10C4.5S6.tiff;10;1,53;6;1,2429;1,6753;1,241314286;0,260990332;0,741896974;0,006075759;0,61192596;Poli;1
P10C5.25S6.tiff;10;1,78;6;1,4108;1,92266;1,424800901;0,294148665;0,733775082;-0,047598043;0,589481174;Poli;2
P10C6S6.tiff;10;2,03;6;1,6432;2,19458;1,611381982;0,348686874;0,748753748;0,091250977;0,648637802;Poli;1
P10C6.75S6.tiff;10;2,28;6;1,8187;2,45378;1,784651818;0,398669961;0,741182991;0,085404433;0,647487357;Poli;1
P10C7.5S6.tiff;10;2,53;6;2,1695;2,887;2,016333333;0,519526039;0,751472116;0,29482;0,653407642;Poli;1
P11C3.75S0.tiff;11;1,27;0;1,4464;1,41966;1,059007207;0,206403831;1,018835496;1,87686823;1;Poli;0
P11C4.5S0.tiff;11;1,53;0;1,7254;1,6753;1,241314286;0,260990332;1,029905092;1,854803245;0,995422877;Poli;0
P11C5.25S0.tiff;11;1,78;0;1,9581;1,92266;1,424800901;0,294148665;1,018432796;1,813025735;0,936843438;Poli;0
P11C6S0.tiff;11;2,03;0;2,201;2,19458;1,611381982;0,348686874;1,002925389;1,690967061;0,963419572;Poli;0
P11C6.75S0.tiff;11;2,28;0;2,4786;2,45378;1,784651818;0,398669961;1,010115006;1,740658311;0,973197494;Poli;0
P11C3.75S1.tiff;11;1,27;1;1,1276;1,41966;1,059007207;0,206403831;0,794274685;0,332323254;0,675587667;Poli;1
P11C4.5S1.tiff;11;1,53;1;1,3454;1,6753;1,241314286;0,260990332;0,803080045;0,398810613;0,693394217;Poli;1
P11C5.25S1.tiff;11;1,78;1;1,5423;1,92266;1,424800901;0,294148665;0,80216991;0,39945481;0,672942051;Poli;1
P11C6S1.tiff;11;2,03;1;1,7393;2,19458;1,611381982;0,348686874;0,792543448;0,36685642;0,702869656;Poli;1
P11C6.75S1.tiff;11;2,28;1;1,939;2,45378;1,784651818;0,398669961;0,790209391;0,387157792;0,706864429;Poli;1
P11C7.5S1.tiff;11;2,53;1;2,2797;2,887;2,016333333;0,519526039;0,789643228;0,506936413;0,69300793;Poli;1
P11C3.75S2.tiff;11;1,27;2;1,1246;1,41966;1,059007207;0,206403831;0,792161503;0,31778864;0,672534853;Poli;1
P11C4.5S2.tiff;11;1,53;2;1,3178;1,6753;1,241314286;0,260990332;0,786605384;0,293059569;0,671457399;Poli;1
P11C5.25S2.tiff;11;1,78;2;1,4949;1,92266;1,424800901;0,294148665;0,777516566;0,238311805;0,642858054;Poli;1
P11C6S2.tiff;11;2,03;2;1,6745;2,19458;1,611381982;0,348686874;0,763016158;0,18101633;0,666301247;Poli;1
P11C6.75S2.tiff;11;2,28;2;1,8614;2,45378;1,784651818;0,398669961;0,758584714;0,192510571;0,668563009;Poli;1
P11C3.75S3.tiff;11;1,27;3;0,9568;1,41966;1,059007207;0,206403831;0,673964189;-0,495180767;0,501780808;Poli;2
P11C4.5S3.tiff;11;1,53;3;1,1297;1,6753;1,241314286;0,260990332;0,674326986;-0,427656783;0,521953212;Poli;2
P11C5.25S3.tiff;11;1,78;3;1,3158;1,92266;1,424800901;0,294148665;0,68436437;-0,370563983;0,529186245;Poli;2
P11C6S3.tiff;11;2,03;3;1,4674;2,19458;1,611381982;0,348686874;0,668647304;-0,412926304;0,549429062;Poli;2
P11C6.75S3.tiff;11;2,28;3;1,6489;2,45378;1,784651818;0,398669961;0,671983633;-0,34051178;0,563678323;Poli;2
P11C7.5S3.tiff;11;2,53;3;1,8927;2,887;2,016333333;0,519526039;0,655594042;-0,237973314;0,553939768;Poli;2
P11C3.75S4.tiff;11;1,27;4;1,1576;1,41966;1,059007207;0,206403831;0,815406506;0,477669394;0,706115803;Poli;1
P11C4.5S4.tiff;11;1,53;4;1,35;1,6753;1,241314286;0,260990332;0,805825822;0,416435787;0,697050353;Poli;1
P11C5.25S4.tiff;11;1,78;4;1,5517;1,92266;1,424800901;0,294148665;0,80705897;0,43141144;0,678908075;Poli;1
P11C7.5S4.tiff;11;2,53;4;2,209;2,887;2,016333333;0,519526039;0,765154139;0,370850837;0,667601938;Poli;1
P11C3.75S5.tiff;11;1,27;5;1,0485;1,41966;1,059007207;0,206403831;0,738557119;-0,050906067;0,595095146;Poli;2
P11C4.5S5.tiff;11;1,53;5;1,2309;1,6753;1,241314286;0,260990332;0,734734077;-0,039902956;0,602388213;Poli;1
P11C5.25S5.tiff;11;1,78;5;1,4035;1,92266;1,424800901;0,294148665;0,729978259;-0,072415426;0,584847985;Poli;2
P11C6S5.tiff;11;2,03;5;1,5668;2,19458;1,611381982;0,348686874;0,713940708;-0,127856783;0,605523196;Poli;1
P11C6.75S5.tiff;11;2,28;5;1,7351;2,45378;1,784651818;0,398669961;0,707113107;-0,124292831;0,606224488;Poli;1
P11C7.5S5.tiff;11;2,53;5;1,9784;2,887;2,016333333;0,519526039;0,685278836;-0,073015269;0,584736;Poli;2
P11C3.75S6.tiff;11;1,27;6;0,9496;1,41966;1,059007207;0,206403831;0,668892552;-0,53006384;0,494454055;Poli;2
P11C4.5S6.tiff;11;1,53;6;1,1395;1,6753;1,241314286;0,260990332;0,680176685;-0,390107499;0,529742372;Poli;2
P11C5.25S6.tiff;11;1,78;6;1,3088;1,92266;1,424800901;0,294148665;0,680723581;-0,394361474;0,52474346;Poli;2
P11C6S6.tiff;11;2,03;6;1,4726;2,19458;1,611381982;0,348686874;0,671016778;-0,39801321;0,552363564;Poli;2
P11C6.75S6.tiff;11;2,28;6;1,6291;2,45378;1,784651818;0,398669961;0,66391445;-0,390176921;0,553905539;Poli;2
P11C7.5S6.tiff;11;2,53;6;1,8473;2,887;2,016333333;0,519526039;0,639868375;-0,325360657;0,537625312;Poli;2
P13C3.75S0.tiff;13;1,27;0;1,3685;1,41966;1,059007207;0,206403831;0,963963202;1,499452755;0,920728605;Poli;0
P13C5.25S0.tiff;13;1,78;0;1,8821;1,92266;1,424800901;0,294148665;0,978904226;1,554652983;0,888607494;Poli;0
P13C6S0.tiff;13;2,03;0;2,1183;2,19458;1,611381982;0,348686874;0,965241641;1,453791514;0,916749704;Poli;0
P13C6.75S0.tiff;13;2,28;0;2,3906;2,45378;1,784651818;0,398669961;0,97425197;1,51992435;0,929762895;Poli;0
P13C7.5S0.tiff;13;2,53;0;2,7984;2,887;2,016333333;0,519526039;0,969310703;1,505346427;0,87940239;Poli;0
P13C3.75S1.tiff;13;1,27;1;1,0808;1,41966;1,059007207;0,206403831;0,761309046;0,105583277;0,627963773;Poli;1
P13C4.5S1.tiff;13;1,53;1;1,294;1,6753;1,241314286;0,260990332;0,772398973;0,201868452;0,652540867;Poli;1
P13C5.25S1.tiff;13;1,78;1;1,4482;1,92266;1,424800901;0,294148665;0,7532273;0,079548548;0,613218336;Poli;1
P13C6S1.tiff;13;2,03;1;1,6178;2,19458;1,611381982;0,348686874;0,737179779;0,018406251;0,634303889;Poli;1
P13C6.75S1.tiff;13;2,28;1;1,8077;2,45378;1,784651818;0,398669961;0,736700112;0,057812687;0,642058032;Poli;1
P13C7.5S1.tiff;13;2,53;1;2,0612;2,887;2,016333333;0,519526039;0,713959127;0,086360766;0,614490118;Poli;1
P13C3.75S2.tiff;13;1,27;2;1,0083;1,41966;1,059007207;0,206403831;0,71024048;-0,245669894;0,554187443;Poli;2
P13C4.5S2.tiff;13;1,53;2;1,1742;1,6753;1,241314286;0,260990332;0,700889393;-0,257152383;0,557322358;Poli;2
P13C5.25S2.tiff;13;1,78;2;1,3841;1,92266;1,424800901;0,294148665;0,719888072;-0,138368471;0,572535126;Poli;2
P13C6S2.tiff;13;2,03;2;1,5448;2,19458;1,611381982;0,348686874;0,703916011;-0,190950641;0,593107996;Poli;2
P13C6.75S2.tiff;13;2,28;2;1,7308;2,45378;1,784651818;0,398669961;0,705360709;-0,135078695;0,604102115;Poli;1
P13C7.5S2.tiff;13;2,53;2;1,9427;2,887;2,016333333;0,519526039;0,672913059;-0,141731747;0,571907231;Poli;2
P13C3.75S3.tiff;13;1,27;3;0,9352;1,41966;1,059007207;0,206403831;0,658749278;-0,599829987;0,47980055;Poli;2
P13C4.5S3.tiff;13;1,53;3;1,1072;1,6753;1,241314286;0,260990332;0,660896556;-0,513866873;0,504069936;Poli;2
P13C5.25S3.tiff;13;1,78;3;1,269;1,92266;1,424800901;0,294148665;0,660023093;-0,529667204;0,499483058;Poli;2
P13C6S3.tiff;13;2,03;3;1,4233;2,19458;1,611381982;0,348686874;0,648552343;-0,53940081;0,524542228;Poli;2
P13C6.75S3.tiff;13;2,28;3;1,5946;2,45378;1,784651818;0,398669961;0,64985451;-0,476714668;0,536877201;Poli;2
P13C7.5S3.tiff;13;2,53;3;1,8549;2,887;2,016333333;0,519526039;0,642500866;-0,310731939;0,540356366;Poli;2
P13C3.75S4.tiff;13;1,27;4;1,1184;1,41966;1,059007207;0,206403831;0,787794261;0,287750438;0,666225705;Poli;1
P13C4.5S4.tiff;13;1,53;4;1,3;1,6753;1,241314286;0,260990332;0,775980421;0,224857809;0,65730974;Poli;1
P13C5.25S4.tiff;13;1,78;4;1,4947;1,92266;1,424800901;0,294148665;0,777412543;0,237631876;0,642731118;Poli;1
P13C6S4.tiff;13;2,03;4;1,7127;2,19458;1,611381982;0,348686874;0,780422678;0,29057021;0,68785855;Poli;1
P13C6.75S4.tiff;13;2,28;4;1,8607;2,45378;1,784651818;0,398669961;0,75829944;0,190754732;0,668217507;Poli;1
P13C7.5S4.tiff;13;2,53;4;2,0881;2,887;2,016333333;0,519526039;0,723276758;0,138138729;0,624156613;Poli;1
P13C3.75S5.tiff;13;1,27;5;0,9646;1,41966;1,059007207;0,206403831;0,679458462;-0,45739077;0,509718124;Poli;2
P13C4.5S5.tiff;13;1,53;5;1,1451;1,6753;1,241314286;0,260990332;0,68351937;-0,368650766;0,534193321;Poli;2
P13C5.25S5.tiff;13;1,78;5;1,3106;1,92266;1,424800901;0,294148665;0,681659784;-0,388242119;0,52588589;Poli;2
P13C6S5.tiff;13;2,03;5;1,4931;2,19458;1,611381982;0,348686874;0,680357973;-0,339221207;0,563932274;Poli;2
P13C6.75S5.tiff;13;2,28;5;1,6506;2,45378;1,784651818;0,398669961;0,672676442;-0,336247601;0,564517401;Poli;2
P13C7.5S5.tiff;13;2,53;5;1,899;2,887;2,016333333;0,519526039;0,657776238;-0,225846877;0,556203669;Poli;2
P13C3.75S6.tiff;13;1,27;6;0,8921;1,41966;1,059007207;0,206403831;0,628389896;-0,808643941;0,435941793;Poli;2
P13C4.5S6.tiff;13;1,53;6;1,0885;1,6753;1,241314286;0,260990332;0,649734376;-0,585517037;0,489206947;Poli;2
P13C5.25S6.tiff;13;1,78;6;1,2385;1,92266;1,424800901;0,294148665;0,644159654;-0,633356269;0,480125212;Poli;2
P13C6S6.tiff;13;2,03;6;1,4039;2,19458;1,611381982;0,348686874;0,639712382;-0,595038121;0,513594279;Poli;2
P13C6.75S6.tiff;13;2,28;6;1,5275;2,45378;1,784651818;0,398669961;0,622508945;-0,645024314;0,503758319;Poli;2
P14C3.75S0.tiff;14;1,27;0;1,2238;1,41966;1,059007207;0,206403831;0,862037389;0,798399875;0,773481225;Poli;0
P14C4.5S0.tiff;14;1,53;0;1,4881;1,6753;1,241314286;0,260990332;0,888258819;0,945574162;0,806813927;Poli;0
P14C5.25S0.tiff;14;1,78;0;1,7571;1,92266;1,424800901;0,294148665;0,913890131;1,129697799;0,80927206;Poli;0
P14C6S0.tiff;14;2,03;0;1,9797;2,19458;1,611381982;0,348686874;0,902086048;1,05630021;0,83853394;Poli;0
P14C6.75S0.tiff;14;2,28;0;2,2077;2,45378;1,784651818;0,398669961;0,899713911;1,061148877;0,839488029;Poli;0
P14C7.5S0.tiff;14;2,53;0;2,8131;2,887;2,016333333;0,519526039;0,974402494;1,533641448;0,884684824;Poli;0
P14C3.75S1.tiff;14;1,27;1;0,9931;1,41966;1,059007207;0,206403831;0,699533691;-0,319311938;0,538719853;Poli;2
P14C4.5S1.tiff;14;1,53;1;1,204;1,6753;1,241314286;0,260990332;0,718677252;-0,142971908;0,581007763;Poli;2
P14C5.25S1.tiff;14;1,78;1;1,3608;1,92266;1,424800901;0,294148665;0,707769444;-0,217580117;0,557747001;Poli;2
P14C6S1.tiff;14;2,03;1;1,5363;2,19458;1,611381982;0,348686874;0,700042833;-0,215327813;0,588311214;Poli;2
P14C6.75S1.tiff;14;2,28;1;1,7058;2,45378;1,784651818;0,398669961;0,695172346;-0,197787207;0,59176274;Poli;2
P14C7.5S1.tiff;14;2,53;1;1,9582;2,887;2,016333333;0,519526039;0,678281954;-0,111896862;0,577477145;Poli;2
P14C4.5S2.tiff;14;1,53;2;1,1527;1,6753;1,241314286;0,260990332;0,688055871;-0,339530913;0,540233894;Poli;2
P14C5.25S2.tiff;14;1,78;2;1,3301;1,92266;1,424800901;0,294148665;0,691801983;-0,32194911;0,538262218;Poli;2
P14C6S2.tiff;14;2,03;2;1,421;2,19458;1,611381982;0,348686874;0,647504306;-0,545996986;0,523244276;Poli;2
P14C6.75S2.tiff;14;2,28;2;1,6495;2,45378;1,784651818;0,398669961;0,672228154;-0,339006776;0,563974468;Poli;2
P14C3.75S3.tiff;14;1,27;3;0,983;1,41966;1,059007207;0,206403831;0,692419312;-0,368245138;0,528442047;Poli;2
P14C4.5S3.tiff;14;1,53;3;1,0633;1,6753;1,241314286;0,260990332;0,634692294;-0,682072338;0,469177678;Poli;2
P14C5.25S3.tiff;14;1,78;3;1,1999;1,92266;1,424800901;0,294148665;0,624083301;-0,76458243;0,45562643;Poli;2
P14C6S3.tiff;14;2,03;3;1,3602;2,19458;1,611381982;0,348686874;0,619799688;-0,720365465;0,488933175;Poli;2
P14C6.75S3.tiff;14;2,28;3;1,5132;2,45378;1,784651818;0,398669961;0,616681202;-0,680893582;0,496700197;Poli;2
P14C7.5S3.tiff;14;2,53;3;1,7327;2,887;2,016333333;0,519526039;0,60017319;-0,545946328;0,496443887;Poli;2
P14C3.75S4.tiff;14;1,27;4;1,0255;1,41966;1,059007207;0,206403831;0,722356057;-0,162338107;0,571690241;Poli;2
P14C4.5S4.tiff;14;1,53;4;1,1232;1,6753;1,241314286;0,260990332;0,670447084;-0,45256192;0,516786933;Poli;2
P14C5.25S4.tiff;14;1,78;4;1,4358;1,92266;1,424800901;0,294148665;0,746777901;0,037392993;0,605348261;Poli;1
P14C6S4.tiff;14;2,03;4;1,6057;2,19458;1,611381982;0,348686874;0,731666196;-0,016295371;0,627475528;Poli;1
P14C6.75S4.tiff;14;2,28;4;1,8117;2,45378;1,784651818;0,398669961;0,73833025;0,067846049;0,644032332;Poli;1
P14C3.75S5.tiff;14;1,27;5;0,925;1,41966;1,059007207;0,206403831;0,651564459;-0,649247675;0,469420983;Poli;2
P14C4.5S5.tiff;14;1,53;5;1,1027;1,6753;1,241314286;0,260990332;0,65821047;-0,531108891;0,500493281;Poli;2
P14C5.25S5.tiff;14;1,78;5;1,2647;1,92266;1,424800901;0,294148665;0,657786608;-0,544285663;0,496753919;Poli;2
P14C6S5.tiff;14;2,03;5;1,4386;2,19458;1,611381982;0,348686874;0,655524064;-0,4955219;0,533176436;Poli;2
P14C6.75S5.tiff;14;2,28;5;1,5939;2,45378;1,784651818;0,398669961;0,649569236;-0,478470506;0,536531699;Poli;2
P14C7.5S5.tiff;14;2,53;5;1,845;2,887;2,016333333;0,519526039;0,639071701;-0,329787769;0,536798809;Poli;2
P14C3.75S6.tiff;14;1,27;6;0,8895;1,41966;1,059007207;0,206403831;0,626558472;-0,821240606;0,433296021;Poli;2
P14C4.5S6.tiff;14;1,53;6;1,047;1,6753;1,241314286;0,260990332;0,624962693;-0,744526758;0,456222238;Poli;2
P14C5.25S6.tiff;14;1,78;6;1,226;1,92266;1,424800901;0,294148665;0,637658244;-0,675851788;0,472191669;Poli;2
P14C6S6.tiff;14;2,03;6;1,3778;2,19458;1,611381982;0,348686874;0,627819446;-0,669890379;0,498865336;Poli;2
P14C6.75S6.tiff;14;2,28;6;1,5086;2,45378;1,784651818;0,398669961;0,614806543;-0,692431949;0,494429752;Poli;2
P14C7.5S6.tiff;14;2,53;6;1,6806;2,887;2,016333333;0,519526039;0,582126775;-0,646230041;0,477721791;Poli;2
P15C3.75S0.tiff;15;1,27;0;1,4146;1,41966;1,059007207;0,206403831;0,996435766;1,722801322;0,967640175;Poli;0
P15C4.5S0.tiff;15;1,53;0;1,6484;1,6753;1,241314286;0,260990332;0,983943174;1,559773159;0,934222332;Poli;0
P15C5.25S0.tiff;15;1,78;0;1,9094;1,92266;1,424800901;0,294148665;0,993103305;1,647463195;0,905934353;Poli;0
P15C6S0.tiff;15;2,03;0;2,1631;2,19458;1,611381982;0,348686874;0,98565557;1,582273552;0,942031567;Poli;0
P15C6.75S0.tiff;15;2,28;0;2,4034;2,45378;1,784651818;0,398669961;0,979468412;1,552031108;0,936080655;Poli;0
P15C7.5S0.tiff;15;2,53;0;2,7725;2,887;2,016333333;0,519526039;0,960339453;1,455493296;0,870095244;Poli;0
P15C3.75S1.tiff;15;1,27;1;1,0914;1,41966;1,059007207;0,206403831;0,768775622;0,156938913;0,638750382;Poli;1
P15C4.5S1.tiff;15;1,53;1;1,2782;1,6753;1,241314286;0,260990332;0,762967827;0,141329811;0,639982833;Poli;1
P15C5.25S1.tiff;15;1,78;1;1,4469;1,92266;1,424800901;0,294148665;0,752551153;0,075129014;0,612393248;Poli;1
P15C6S1.tiff;15;2,03;1;1,6389;2,19458;1,611381982;0,348686874;0,746794375;0,078918996;0,646211195;Poli;1
P15C6.75S1.tiff;15;2,28;1;1,8233;2,45378;1,784651818;0,398669961;0,74305765;0,096942799;0,649757802;Poli;1
P15C7.5S1.tiff;15;2,53;1;2,06;2,887;2,016333333;0,519526039;0,713543471;0,084050968;0,614058899;Poli;1
P15C3.75S2.tiff;15;1,27;2;1,0457;1,41966;1,059007207;0,206403831;0,736584816;-0,064471707;0,592245853;Poli;2
P15C4.5S2.tiff;15;1,53;2;1,237;1,6753;1,241314286;0,260990332;0,738375216;-0,016530443;0,607236568;Poli;1
P15C5.25S2.tiff;15;1,78;2;1,4288;1,92266;1,424800901;0,294148665;0,743137112;0,013595503;0,600905477;Poli;1
P15C6S2.tiff;15;2,03;2;1,6291;2,19458;1,611381982;0,348686874;0,742328828;0,05081355;0,640680787;Poli;1
P15C6.75S2.tiff;15;2,28;2;1,7806;2,45378;1,784651818;0,398669961;0,725655927;-0,01016334;0,62868215;Poli;1
P15C7.5S2.tiff;15;2,53;2;1,9831;2,887;2,016333333;0,519526039;0,686906824;-0,063968561;0,586424941;Poli;2
P15C3.75S3.tiff;15;1,27;3;0,9359;1,41966;1,059007207;0,206403831;0,659242354;-0,596438577;0,480512873;Poli;2
P15C4.5S3.tiff;15;1,53;3;1,0982;1,6753;1,241314286;0,260990332;0,655524384;-0,548350909;0,496916626;Poli;2
P15C5.25S3.tiff;15;1,78;3;1,2878;1,92266;1,424800901;0,294148665;0,669801213;-0,465753945;0,511415107;Poli;2
P15C6S3.tiff;15;2,03;3;1,4554;2,19458;1,611381982;0,348686874;0,663179287;-0,447341135;0,542657135;Poli;2
P15C6.75S3.tiff;15;2,28;3;1,5977;2,45378;1,784651818;0,398669961;0,651117867;-0,468938812;0,538407284;Poli;2
P15C7.5S3.tiff;15;2,53;3;1,8259;2,887;2,016333333;0,519526039;0,632455837;-0,366552048;0,529935238;Poli;2
P15C3.75S4.tiff;15;1,27;4;1,1266;1,41966;1,059007207;0,206403831;0,793570291;0,327478383;0,674570062;Poli;1
P15C4.5S4.tiff;15;1,53;4;1,3584;1,6753;1,241314286;0,260990332;0,81083985;0,448620887;0,703726776;Poli;1
P15C5.25S4.tiff;15;1,78;4;1,5566;1,92266;1,424800901;0,294148665;0,809607523;0,448069683;0,682018024;Poli;1
P15C6S4.tiff;15;2,03;4;1,7234;2,19458;1,611381982;0,348686874;0,785298326;0,321256768;0,693896852;Poli;1
P15C6.75S4.tiff;15;2,28;4;1,9321;2,45378;1,784651818;0,398669961;0,787397403;0,369850242;0,703458761;Poli;1
P15C7.5S4.tiff;15;2,53;4;2,1385;2,887;2,016333333;0,519526039;0,740734326;0,235150228;0,642267815;Poli;1
P15C3.75S5.tiff;15;1,27;5;1,0123;1,41966;1,059007207;0,206403831;0,713058056;-0,226290409;0,558257861;Poli;2
P15C4.5S5.tiff;15;1,53;5;1,1947;1,6753;1,241314286;0,260990332;0,713126007;-0,178605412;0,573616009;Poli;2
P15C5.25S5.tiff;15;1,78;5;1,3607;1,92266;1,424800901;0,294148665;0,707717433;-0,217920081;0,557683532;Poli;2
P15C6S5.tiff;15;2,03;5;1,5189;2,19458;1,611381982;0,348686874;0,692114209;-0,265229319;0,578491919;Poli;2
P15C6.75S5.tiff;15;2,28;5;1,6875;2,45378;1,784651818;0,398669961;0,687714465;-0,243689838;0,582730318;Poli;2
P15C7.5S5.tiff;15;2,53;5;1,9;2,887;2,016333333;0,519526039;0,658122619;-0,223922045;0,556563018;Poli;2
P15C3.75S6.tiff;15;1,27;6;0,9766;1,41966;1,059007207;0,206403831;0,68791119;-0,399252315;0,521929378;Poli;2
P15C4.5S6.tiff;15;1,53;6;1,1462;1,6753;1,241314286;0,260990332;0,684175968;-0,36443605;0,535067615;Poli;2
P15C5.25S6.tiff;15;1,78;6;1,2892;1,92266;1,424800901;0,294148665;0,670529371;-0,460994446;0,512303664;Poli;2
P15C6S6.tiff;15;2,03;6;1,4541;2,19458;1,611381982;0,348686874;0,662586919;-0,451069409;0,541923509;Poli;2
P15C6.75S6.tiff;15;2,28;6;1,6374;2,45378;1,784651818;0,398669961;0,667296987;-0,369357695;0,558002211;Poli;2
P15C7.5S6.tiff;15;2,53;6;1,8344;2,887;2,016333333;0,519526039;0,635400069;-0,350190981;0,532989707;Poli;2
P16C3.75S0.tiff;16;1,27;0;0,7852;1,41966;1,059007207;0,206403831;0,553090177;-1,326560685;0,327159866;Poli;2
P16C4.5S0.tiff;16;1,53;0;0,5669;1,6753;1,241314286;0,260990332;0,338387155;-2,584058501;0,074632871;Poli;2
P16C5.25S0.tiff;16;1,78;0;0,672;1,92266;1,424800901;0,294148665;0,349515775;-2,559253163;0,120577026;Poli;2
P16C6S0.tiff;16;2,03;0;0,7075;2,19458;1,611381982;0,348686874;0,322385149;-2,592245508;0,120596745;Poli;2
P16C7.5S0.tiff;16;2,53;0;0,7793;2,887;2,016333333;0,519526039;0,269934188;-2,381080524;0,153840306;Poli;2
P16C3.75S1.tiff;16;1,27;1;0,485;1,41966;1,059007207;0,206403831;0,341631095;-2,780991054;0,021674977;Poli;2
P16C4.5S1.tiff;16;1,53;1;0,5091;1,6753;1,241314286;0,260990332;0,303885871;-2,805522644;0,028692723;Poli;2
P16C5.25S1.tiff;16;1,78;1;1,1931;1,92266;1,424800901;0,294148665;0,620546534;-0,787699992;0,451310583;Poli;2
P16C6S1.tiff;16;2,03;1;1,3592;2,19458;1,611381982;0,348686874;0,61934402;-0,723233368;0,488368848;Poli;2
P16C6.75S1.tiff;16;2,28;1;0,644;2,45378;1,784651818;0,398669961;0,262452217;-2,861143122;0,067684814;Poli;2
P16C7.5S1.tiff;16;2,53;1;0,5989;2,887;2,016333333;0,519526039;0,207447177;-2,728320097;0,089013701;Poli;2
P16C3.75S2.tiff;16;1,27;2;0,4996;1,41966;1,059007207;0,206403831;0,351915247;-2,710255933;0,036532004;Poli;2
P16C4.5S2.tiff;16;1,53;2;0,5066;1,6753;1,241314286;0,260990332;0,302393601;-2,815101543;0,026705692;Poli;2
P16C5.25S2.tiff;16;1,78;2;0,5175;1,92266;1,424800901;0,294148665;0,269158354;-3,084497771;0,022518429;Poli;2
P16C6S2.tiff;16;2,03;2;0,5231;2,19458;1,611381982;0,348686874;0,23835996;-3,121086752;0,01653479;Poli;2
P16C6.75S2.tiff;16;2,28;2;0,5276;2,45378;1,784651818;0,398669961;0,215015201;-3,153113954;0,010232685;Poli;2
P16C7.5S2.tiff;16;2,53;2;0,525;2,887;2,016333333;0,519526039;0,181849671;-2,870565133;0,062457791;Poli;2
P16C3.75S3.tiff;16;1,27;3;0,4637;1,41966;1,059007207;0,206403831;0,326627502;-2,884186813;0;Poli;2
P16C4.5S3.tiff;16;1,53;3;0,473;1,6753;1,241314286;0,260990332;0,282337492;-2,943841944;0;Poli;2
P16C5.25S3.tiff;16;1,78;3;0,4951;1,92266;1,424800901;0,294148665;0,257507828;-3,16064974;0,00830152;Poli;2
P16C6S3.tiff;16;2,03;3;0,5012;2,19458;1,611381982;0,348686874;0,228380829;-3,18389382;0,004176022;Poli;2
P16C6.75S3.tiff;16;2,28;3;0,508;2,45378;1,784651818;0,398669961;0,207027525;-3,202277427;0,000558615;Poli;2
P16C7.5S3.tiff;16;2,53;3;0,5321;2,887;2,016333333;0,519526039;0,184308971;-2,856898831;0,06500917;Poli;2
P16C3.75S4.tiff;16;1,27;4;0,4822;1,41966;1,059007207;0,206403831;0,339658792;-2,794556694;0,018825684;Poli;2
P16C4.5S4.tiff;16;1,53;4;0,4911;1,6753;1,241314286;0,260990332;0,293141527;-2,874490716;0,014386102;Poli;2
P16C5.25S4.tiff;16;1,78;4;0,5004;1,92266;1,424800901;0,294148665;0,260264425;-3,14263164;0,011665342;Poli;2
P16C6S4.tiff;16;2,03;4;0,5172;2,19458;1,611381982;0,348686874;0,235671518;-3,138007378;0,013205259;Poli;2
P16C6.75S4.tiff;16;2,28;4;0,5247;2,45378;1,784651818;0,398669961;0,213833351;-3,160388141;0,008801317;Poli;2
P16C7.5S4.tiff;16;2,53;4;0,5237;2,887;2,016333333;0,519526039;0,181399377;-2,873067414;0,061990637;Poli;2
P16C3.75S5.tiff;16;1,27;5;0,4733;1,41966;1,059007207;0,206403831;0,333389685;-2,837676048;0,009769004;Poli;2
P16C4.5S5.tiff;16;1,53;5;0,4785;1,6753;1,241314286;0,260990332;0,285620486;-2,922768366;0,004371467;Poli;2
P16C5.25S5.tiff;16;1,78;5;0,4858;1,92266;1,424800901;0,294148665;0,252670779;-3,192266406;0,002398963;Poli;2
P16C6S5.tiff;16;2,03;5;0,5045;2,19458;1,611381982;0,348686874;0,229884534;-3,174429741;0,006038302;Poli;2
P16C6.75S5.tiff;16;2,28;5;0,5182;2,45378;1,784651818;0,398669961;0,211184377;-3,176692354;0,00559308;Poli;2
P16C7.5S5.tiff;16;2,53;5;0,525;2,887;2,016333333;0,519526039;0,181849671;-2,870565133;0,062457791;Poli;2
P16C3.75S6.tiff;16;1,27;6;0,4718;1,41966;1,059007207;0,206403831;0,332333094;-2,844943355;0,008242597;Poli;2
P16C4.5S6.tiff;16;1,53;6;0,4745;1,6753;1,241314286;0,260990332;0,283232854;-2,938094604;0,001192218;Poli;2
P16C5.25S6.tiff;16;1,78;6;0,4834;1,92266;1,424800901;0,294148665;0,251422508;-3,200425545;0,000875723;Poli;2
P16C6S6.tiff;16;2,03;6;0,4938;2,19458;1,611381982;0,348686874;0,225008886;-3,205116299;0;Poli;2
P16C6.75S6.tiff;16;2,28;6;0,508;2,45378;1,784651818;0,398669961;0,207027525;-3,202277427;0,000558615;Poli;2
P16C7.5S6.tiff;16;2,53;6;0,5038;2,887;2,016333333;0,519526039;0,174506408;-2,911371557;0,054839586;Poli;2
